movie_id,title,release_year,duration,description,language,imdb_rating,genres,poster_url
1,Inception,2010,148,A thief who steals corporate secrets through the use of dream-sharing technology is given the inverse task of planting an idea into the mind of a C.E.O.,English,8.8,Action|Sci-Fi|Adventure,https://image.tmdb.org/t/p/w500/9gk7adHYeDvHkCSEqAvQNLV5Uge.jpg
2,Interstellar,2014,169,"When Earth becomes uninhabitable in the future, a farmer and ex-NASA pilot, Joseph Cooper, is tasked to pilot a spacecraft, along with a team of researchers, to find a new planet for humans.",English,8.7,Adventure|Drama|Sci-Fi,https://image.tmdb.org/t/p/w500/gEU2QniE6E77NI6lCU6MxlNBvIx.jpg
3,The Matrix,1999,136,"When a beautiful stranger leads computer hacker Neo to a forbidding underworld, he discovers the shocking truth--the life he knows is the elaborate deception of an evil cyber-intelligence.",English,8.7,Action|Sci-Fi,https://image.tmdb.org/t/p/w500/f89U3ADr1oiB1s9GkdPOEpXUk5H.jpg
4,The Dark Knight,2008,152,"When the menace known as the Joker wreaks havoc and chaos on the people of Gotham, Batman must accept one of the greatest psychological and physical tests of his ability to fight injustice.",English,9.0,Action|Crime|Drama,https://image.tmdb.org/t/p/w500/qJ2tW6WMUDux911r6m7haRef0WH.jpg
5,The Dark Knight Rises,2012,164,"Eight years after the Joker's reign of chaos, Batman is forced to resurface to protect Gotham City from the brutal guerrilla terrorist Bane.",English,8.4,Action|Thriller,https://image.tmdb.org/t/p/w500/hr0L2aueqlP2BYUblTTjmtn0hw4.jpg
6,Batman Begins,2005,140,"After training with his mentor, Batman begins his fight to free crime-ridden Gotham City from corruption.",English,8.2,Action|Crime|Drama,https://image.tmdb.org/t/p/w500/1P3GslsqN0jT5bVzG717hL1A5gS.jpg
7,Avengers: Endgame,2019,181,"After the devastating events of Infinity War, the universe is in ruins. With the help of remaining allies, the Avengers assemble once more to reverse Thanos' actions.",English,8.4,Action|Adventure|Sci-Fi,https://image.tmdb.org/t/p/w500/or06FN3Dka5tukK1e9sl16pB3iy.jpg
8,Avengers: Infinity War,2018,149,The Avengers and their allies must be willing to sacrifice all in an attempt to defeat the powerful Thanos before his blitz of devastation puts an end to the universe.,English,8.4,Action|Adventure|Sci-Fi,https://image.tmdb.org/t/p/w500/7WsyChQLEftFiDOVTGkv3hFpyyt.jpg
9,The Avengers,2012,143,Earth's mightiest heroes must come together and learn to fight as a team if they are going to stop the mischievous Loki and his alien army from enslaving humanity.,English,8.0,Action|Sci-Fi,https://image.tmdb.org/t/p/w500/RYMX2wcKCBAr24UyPD7xwmjaTn.jpg
10,Iron Man,2008,126,"After being held captive in an Afghan cave, billionaire engineer Tony Stark creates a unique weaponized suit of armor to fight evil.",English,7.9,Action|Adventure|Sci-Fi,https://image.tmdb.org/t/p/w500/78lPtwv72eTNqFW9COBYI0dWDJa.jpg
11,Iron Man 3,2013,130,"When Tony Stark's world is torn apart by a formidable terrorist called the Mandarin, he starts an odyssey of rebuilding and retribution.",English,7.1,Action|Sci-Fi,https://image.tmdb.org/t/p/w500/qhPtAc1TKbMPqNvcdXSOn9Bn7hZ.jpg
12,Captain America: Civil War,2016,147,Political involvement in the Avengers' affairs causes a rift between Captain America and Iron Man.,English,7.8,Action|Sci-Fi,https://image.tmdb.org/t/p/w500/rAGiXaUfPzY7CnjyNKsqvdM99No.jpg
13,Spider-Man: No Way Home,2021,148,"With Spider-Man's identity now revealed, Peter asks Doctor Strange for help. When a spell goes wrong, dangerous foes from other worlds appear.",English,8.2,Action|Adventure|Sci-Fi,https://image.tmdb.org/t/p/w500/1g0dhYtq4irTY1GPXvft6k4YLjm.jpg
14,Spider-Man: Into the Spider-Verse,2018,117,Teen Miles Morales becomes the new Spider-Man and joins other Spider-Heroes from parallel dimensions to stop a threat to all reality.,English,8.4,Animation|Action|Adventure,https://image.tmdb.org/t/p/w500/iiZZdoQBEYBv6id8su7ImL0oCbD.jpg
15,Avatar,2009,162,A paraplegic Marine dispatched to the moon Pandora on a unique mission becomes torn between following his orders and protecting the world he feels is his home.,English,7.9,Action|Adventure|Fantasy|Sci-Fi,https://image.tmdb.org/t/p/w500/kyeqWdyUXW608qlYkRqosgbbJyK.jpg
16,Avatar: The Way of Water,2022,192,"Jake Sully lives with his newfound family formed on the extrasolar moon Pandora. Once a familiar threat returns to finish what was previously started, Jake must work with Neytiri.",English,7.6,Action|Adventure|Sci-Fi,https://image.tmdb.org/t/p/w500/t6HIqrRAclMCA60NsSmeqe9RmNV.jpg
17,The Martian,2015,144,"An astronaut becomes stranded on Mars after his team assume him dead, and must rely on his ingenuity to find a way to signal to Earth that he is alive.",English,8.0,Adventure|Drama|Sci-Fi,https://image.tmdb.org/t/p/w500/5BHuvQ6p9kL09NM279hDYW8572P.jpg
18,Gravity,2013,91,Two astronauts work together to survive after an accident leaves them stranded in space.,English,7.7,Drama|Sci-Fi|Thriller,https://image.tmdb.org/t/p/w500/2LNSZf96B2yqJqM3aFhXqM1p1zF.jpg
19,Arrival,2016,116,A linguist works with the military to communicate with alien lifeforms after twelve mysterious spacecraft appear around the world.,English,7.9,Drama|Mystery|Sci-Fi,https://image.tmdb.org/t/p/w500/x2FJsf1ElAgr63Y3PNPtJrcmpoe.jpg
20,Blade Runner 2049,2017,164,"Young Blade Runner K's discovery of a long-buried secret leads him to track down former Blade Runner Rick Deckard, who's been missing for thirty years.",English,8.0,Action|Drama|Mystery|Sci-Fi,https://image.tmdb.org/t/p/w500/gajva2L0rPYkEWjzgFlBXCAVBE5.jpg
21,Jurassic Park,1993,127,A pragmatic paleontologist touring an almost complete theme park on an island in Central America is tasked with protecting a couple of kids after a power failure causes the cloned dinosaurs to run loose.,English,8.2,Action|Adventure|Sci-Fi,https://image.tmdb.org/t/p/w500/oU7Oq2kFAAlGqbU4VoAE36g4hoI.jpg
22,Jurassic World,2015,124,"A new theme park, built on the original site of Jurassic Park, creates a genetically modified hybrid dinosaur, the Indominus Rex, which escapes containment and goes on a killing spree.",English,6.9,Action|Adventure|Sci-Fi,https://image.tmdb.org/t/p/w500/A0LZH8JlsQj6c8mox7f7eKqB22w.jpg
23,Dune,2021,155,A noble family becomes embroiled in a war for control over the galaxy's most valuable asset while its heir becomes troubled by visions of a dark future.,English,8.0,Action|Adventure|Drama|Sci-Fi,https://image.tmdb.org/t/p/w500/d5NXSklXo0qyIYkgV94XAgMIckC.jpg
24,Dune: Part Two,2024,166,Paul Atreides unites with Chani and the Fremen while seeking revenge against the conspirators who destroyed his family.,English,8.6,Action|Adventure|Sci-Fi,https://image.tmdb.org/t/p/w500/1pdfLvkbY9ohJlCjQH2CZjjYVvJ.jpg
25,Terminator 2: Judgment Day,1991,137,"A cyborg, identical to the one who failed to kill Sarah Connor, must now protect her ten-year-old son John from an even more advanced and powerful cyborg.",English,8.6,Action|Sci-Fi,https://image.tmdb.org/t/p/w500/5M0j0B18abtBI5P2nnQiY06I9zg.jpg
26,Mad Max: Fury Road,2015,120,"In a post-apocalyptic wasteland, a woman rebels against a tyrannical ruler in search for her homeland with the aid of a group of female prisoners and a drifter named Max.",English,8.1,Action|Adventure|Sci-Fi,https://image.tmdb.org/t/p/w500/hA2ple9q4qnwxp3hKVNhroipsir.jpg
27,The Shawshank Redemption,1994,142,"Over the course of several years, two convicts form a friendship, seeking consolation and, eventually, redemption through basic compassion.",English,9.3,Drama,https://image.tmdb.org/t/p/w500/9cqNxx0GxF0bflZmeSMuL5tnGzr.jpg
28,The Godfather,1972,175,The aging patriarch of an organized crime dynasty transfers control of his clandestine empire to his reluctant son.,English,9.2,Crime|Drama,https://image.tmdb.org/t/p/w500/3bhkrj58Vtu7enYsRolD1fZdja1.jpg
29,The Godfather Part II,1974,202,"The early life and career of Vito Corleone in 1920s New York City is portrayed, while his son, Michael, expands and tightens his grip on the family crime syndicate.",English,9.0,Crime|Drama,https://image.tmdb.org/t/p/w500/hek3koDUyMrk7uOBzWq39f60u9v.jpg
30,Forrest Gump,1994,142,"The history of the United States from the 1950s to the '70s unfolds from the perspective of an Alabama man with an IQ of 75, who yearns to be reunited with his childhood sweetheart.",English,8.8,Drama|Romance,https://image.tmdb.org/t/p/w500/arw2tPUoHG9ipiyvBPdfKiOXY9n.jpg
31,Titanic,1997,194,"A seventeen-year-old aristocrat falls in love with a kind but poor artist aboard the luxurious, ill-fated R.M.S. Titanic.",English,7.9,Drama|Romance,https://image.tmdb.org/t/p/w500/9xjZS2rlVxm8SFx8kPC3aIGCOYQ.jpg
32,Gladiator,2000,155,A former Roman General sets out to exact vengeance against the corrupt emperor who murdered his family and sent him into slavery.,English,8.5,Action|Adventure|Drama,https://image.tmdb.org/t/p/w500/ty8TGRuvJLPUmAR1H1nRIsgwvim.jpg
33,Schindler's List,1993,195,"In German-occupied Poland during World War II, industrialist Oskar Schindler gradually becomes concerned for his Jewish workforce after witnessing their persecution by the Nazis.",English,9.0,Biography|Drama|History,https://image.tmdb.org/t/p/w500/sF1U4EUQS8YHUYjNl3pMGNIQyr0.jpg
34,Pulp Fiction,1994,154,"The lives of two mob hitmen, a boxer, a gangster and his wife, and a pair of diner bandits intertwine in four tales of violence and redemption.",English,8.9,Crime|Drama,https://image.tmdb.org/t/p/w500/vQWk5YBFWF4bZaofAbv0tShwBvQ.jpg
35,Fight Club,1999,139,An insomniac office worker and a devil-may-care soap maker form an underground fight club that evolves into much more.,English,8.8,Drama,https://image.tmdb.org/t/p/w500/pB8BM7pdSp6B6Ih7QZ4DrQ3PmJK.jpg
36,Goodfellas,1990,145,"The story of Henry Hill and his life in the mafia, covering his relationship with his wife Karen and his mob partners Jimmy Conway and Tommy DeVito.",English,8.7,Biography|Crime|Drama,https://image.tmdb.org/t/p/w500/aKuFiU82s5ISJpGZp7YkIr3kCUd.jpg
37,The Prestige,2006,130,"After a tragic accident, two stage magicians in 1890s London engage in a battle to create the ultimate illusion while sacrificing everything they have to outwit each other.",English,8.5,Drama|Mystery|Sci-Fi,https://image.tmdb.org/t/p/w500/tRNlZbgNCNOpLpbPEz5L8G8A0JN.jpg
38,Whiplash,2014,106,A promising young drummer enrolls at a cut-throat music conservatory where his dreams of greatness are mentored by an instructor who will stop at nothing to realize a student's potential.,English,8.5,Drama|Music,https://image.tmdb.org/t/p/w500/7fn624j5lj3xTme2SgiLCeuedmO.jpg
39,The Social Network,2010,120,"As Harvard student Mark Zuckerberg creates the social networking site that would become known as Facebook, he is sued by the twins who claimed he stole their idea.",English,7.8,Biography|Drama,https://image.tmdb.org/t/p/w500/n0ybibhJtQ5icDqTpTcvRnv0YvB.jpg
40,Oppenheimer,2023,180,The story of American scientist J. Robert Oppenheimer and his role in the development of the atomic bomb.,English,8.9,Biography|Drama|History,https://image.tmdb.org/t/p/w500/8Gxv8gSFCU0XGDykEGv7zR1n2ua.jpg
41,Toy Story,1995,81,A cowboy doll is profoundly threatened and jealous when a new spaceman action figure supplants him as top toy in a boy's bedroom.,English,8.3,Animation|Adventure|Comedy,https://image.tmdb.org/t/p/w500/uXDfjJbdP4ijW5hWSBrPrlKpxab.jpg
42,Toy Story 3,2010,103,"The toys are mistakenly delivered to a day-care center instead of the attic right before Andy leaves for college, and it's up to Woody to convince the other toys that they weren't abandoned.",English,8.3,Animation|Adventure|Comedy,https://image.tmdb.org/t/p/w500/AbbXspwhIR19YsjeTvrmFiBAFbZ.jpg
43,Finding Nemo,2003,100,"After his son is captured in the Great Barrier Reef and taken to Sydney, a timid clownfish sets out on a journey to bring him home.",English,8.2,Animation|Adventure|Comedy,https://image.tmdb.org/t/p/w500/eHuGQ10FUzK1mdOY692F5qGVEZe.jpg
44,The Lion King,1994,88,"Lion prince Simba and his father are targeted by his bitter uncle, who wants to ascend the throne himself.",English,8.5,Animation|Adventure|Drama,https://image.tmdb.org/t/p/w500/sKCr78MXSLixwmZ8DyJLrpMsd15.jpg
45,Up,2009,96,"78-year-old Carl Fredricksen travels to Paradise Falls in his house equipped with balloons, inadvertently taking a young stowaway.",English,8.3,Animation|Adventure|Comedy,https://image.tmdb.org/t/p/w500/vpbaStTMt8qqGBE2580rBgHNQMe.jpg
46,WALL-E,2008,98,"In the distant future, a small waste-collecting robot inadvertently embarks on a space journey that will ultimately decide the fate of mankind.",English,8.4,Animation|Adventure|Sci-Fi,https://image.tmdb.org/t/p/w500/hbhFnRzzg6ZDmm8YAmxBnQpQIPh.jpg
47,Spirited Away,2001,125,"During her family's move to the suburbs, a sullen 10-year-old girl wanders into a world ruled by gods, witches and spirits, and where humans are changed into beasts.",Japanese,8.6,Animation|Adventure|Family|Fantasy,https://image.tmdb.org/t/p/w500/39wmItIWsg5sZMyRUHLkWBcuVCM.jpg
48,Coco,2017,105,"Aspiring musician Miguel, confronted with his family's ancestral ban on music, enters the Land of the Dead to find his great-great-grandfather, a legendary singer.",English,8.4,Animation|Adventure|Family,https://image.tmdb.org/t/p/w500/gGEsBPAijhVUFoiNpgZXqRVWJt2.jpg
49,Inside Out,2015,95,"After young Riley is uprooted from her Midwest life and moved to San Francisco, her emotions - Joy, Fear, Anger, Disgust and Sadness - conflict on how best to navigate a new city.",English,8.1,Animation|Adventure|Comedy,https://image.tmdb.org/t/p/w500/2H1TmgdfNbfKlUkjlOXMNSlB1Cr.jpg
50,Shrek,2001,90,"A mean lord exiles fairytale creatures to the swamp of a grumpy ogre, who must go on a quest and rescue a princess for the lord in order to get his land back.",English,7.9,Animation|Adventure|Comedy,https://image.tmdb.org/t/p/w500/iB64vpL3dIObOtMZgX3RqWCPCPo.jpg
51,The Grand Budapest Hotel,2014,99,"A writer encounters the owner of an aging high-class hotel, who tells him of his early years serving as a lobby boy in the hotel's glorious years under an exceptional concierge.",English,8.1,Adventure|Comedy|Crime,https://image.tmdb.org/t/p/w500/eWdyYQreja6JGCzqHWX9NZkt5BW.jpg
52,Superbad,2007,113,Two co-dependent high school seniors are forced to deal with separation anxiety after their plan to stage a booze-soaked party goes awry.,English,7.6,Comedy,https://image.tmdb.org/t/p/w500/ek8e8txUyUwd2BNqj6lFEerJqEB.jpg
53,The Hangover,2009,100,"Three buddies wake up from a bachelor party in Las Vegas, with no memory of the previous night and the bachelor missing. They make their way around the city in order to find their friend.",English,7.7,Comedy,https://image.tmdb.org/t/p/w500/uluhlXubGu1VxU63X9VgMeQvXxx.jpg
54,La La Land,2016,128,"While navigating their careers in Los Angeles, a pianist and an actress fall in love while attempting to reconcile their aspirations for the future.",English,8.0,Comedy|Drama|Music|Romance,https://image.tmdb.org/t/p/w500/uDO8zWDhfWwoFdKS4fzkVJb0Rf0.jpg
55,Crazy Rich Asians,2018,120,"This contemporary romantic comedy, based on a global bestseller, follows native New Yorker Rachel Chu to Singapore to meet her boyfriend's family.",English,6.9,Comedy|Romance,https://image.tmdb.org/t/p/w500/gnTqi6b7puv6Ww232eA1vWqQv4t.jpg
56,Groundhog Day,1993,101,"A narcissistic TV weatherman, along with his attractive producer and cynical cameraman, is sent to report on Groundhog Day in the small town of Punxsutawney, where he finds himself repeating the same day over and over.",English,8.0,Comedy|Fantasy|Romance,https://image.tmdb.org/t/p/w500/7u37H8dsxOhnhn2AqU99w30u7y5.jpg
57,Knives Out,2019,130,"A detective investigates the death of a patriarch of an eccentric, combative family.",English,7.9,Comedy|Crime|Drama|Mystery,https://image.tmdb.org/t/p/w500/pThyQovXQrw2m0s9x82twj48Jq4.jpg
58,The Wolf of Wall Street,2013,180,"Based on the true story of Jordan Belfort, from his rise to a wealthy stock-broker living the high life to his fall involving crime, corruption and the federal government.",English,8.2,Biography|Comedy|Crime,https://image.tmdb.org/t/p/w500/34m2tygAYBGqA9MXKhRDtzYd4MR.jpg
59,The Shining,1980,146,"A family heads to an isolated hotel for the winter where a sinister presence influences the father into violence, while his psychic son sees horrific forebodings from both past and future.",English,8.4,Drama|Horror,https://image.tmdb.org/t/p/w500/b33nnKl12nLoTQiq5tQYh5cO4b.jpg
60,Psycho,1960,109,"A Phoenix secretary embezzles $40,000 from her employer's client, goes on the run and checks into a remote motel run by a young man under the domination of his mother.",English,8.5,Horror|Mystery|Thriller,https://image.tmdb.org/t/p/w500/yz45KMrciuC5kQ12cbgwL3LuYt4.jpg
61,Get Out,2017,104,"A young African-American visits his white girlfriend's parents for the weekend, where his simmering uneasiness about their reception of him eventually reaches a boiling point.",English,7.8,Horror|Mystery|Thriller,https://image.tmdb.org/t/p/w500/tFXcEccSQMf3lfhfXKSU9iRBpa3.jpg
62,A Quiet Place,2018,90,"In a post-apocalyptic world, a family is forced to live in silence while hiding from monsters with ultra-sensitive hearing.",English,7.5,Drama|Horror|Sci-Fi,https://image.tmdb.org/t/p/w500/nAU74GmpUk7t5iklEp3bufwDq4n.jpg
63,Se7en,1995,127,"Two detectives, a rookie and a veteran, hunt a serial killer who uses the seven deadly sins as his motives.",English,8.6,Crime|Drama|Mystery|Thriller,https://image.tmdb.org/t/p/w500/6yoghtyTpznpBik8EngEmJskVUO.jpg
64,The Silence of the Lambs,1991,118,A young F.B.I. cadet must receive the help of an incarcerated and manipulative cannibal killer to help catch another serial killer.,English,8.6,Crime|Drama|Thriller,https://image.tmdb.org/t/p/w500/uS9m8OBk1A8eM9I042bx8XXpqAq.jpg
65,Parasite,2019,132,Greed and class discrimination threaten the newly formed symbiotic relationship between the wealthy Park family and the destitute Kim clan.,Korean,8.5,Drama|Thriller,https://image.tmdb.org/t/p/w500/7IiTTgloJzvGI1TAYymCfbfl3vT.jpg
66,Shutter Island,2010,138,"In 1954, a U.S. Marshal investigates the disappearance of a murderer who escaped from a hospital for the criminally insane.",English,8.2,Mystery|Thriller,https://image.tmdb.org/t/p/w500/kve20wgB2Zq4gGhNo226IRZeBTx.jpg
67,The Lord of the Rings: The Fellowship of the Ring,2001,178,A meek Hobbit from the Shire and eight companions set out on a journey to destroy the powerful One Ring and save Middle-earth from the Dark Lord Sauron.,English,8.9,Action|Adventure|Drama|Fantasy,https://image.tmdb.org/t/p/w500/6oom5QYQ2yQTMJIbnvbkBL9cHo6.jpg
68,The Lord of the Rings: The Two Towers,2002,179,"While Frodo and Sam edge closer to Mordor with the help of the shifty Gollum, the divided fellowship makes a stand against Sauron's new ally, Saruman.",English,8.8,Action|Adventure|Drama|Fantasy,https://image.tmdb.org/t/p/w500/5VTN0pR8gcqV3EPUHHfMGnJYN9L.jpg
69,The Lord of the Rings: The Return of the King,2003,201,Gandalf and Aragorn lead the World of Men against Sauron's army to draw his gaze from Frodo and Sam as they approach Mount Doom with the One Ring.,English,9.0,Action|Adventure|Drama|Fantasy,https://image.tmdb.org/t/p/w500/rCzpDGLbOoPwLjy3OAm5NUPOTrC.jpg
70,Harry Potter and the Sorcerer's Stone,2001,152,"An orphaned boy enrolls in a school of wizardry, where he learns the truth about himself, his family and the terrible evil that haunts the magical world.",English,7.6,Adventure|Family|Fantasy,https://image.tmdb.org/t/p/w500/wuMc08IPKEatv9rnMNXvIDxqP4W.jpg
71,Harry Potter and the Prisoner of Azkaban,2004,142,"Harry Potter, Ron and Hermione return to Hogwarts School of Witchcraft and Wizardry for their third year of study, where they delve into the mystery surrounding an escaped prisoner.",English,7.9,Adventure|Family|Fantasy,https://image.tmdb.org/t/p/w500/aWxHgpL2718E1TcxC9wT23Y2eD1.jpg
72,Pirates of the Caribbean: The Curse of the Black Pearl,2003,143,"Blacksmith Will Turner teams up with eccentric pirate ""Captain"" Jack Sparrow to save his love, the governor's daughter, from Jack's former pirate allies.",English,8.1,Action|Adventure|Fantasy,https://image.tmdb.org/t/p/w500/z8onk7LV9MPk6zpmCe5V740vdLI.jpg
73,Alien,1979,117,The crew of a commercial spacecraft encounters a deadly lifeform after investigating an unknown transmission.,English,8.5,Horror|Sci-Fi,https://image.tmdb.org/t/p/w500/vfrQk5IPloGg1v9Rzmu2u02iRmS.jpg
74,Aliens,1986,137,"Decades after surviving the Nostromo incident, Ellen Ripley is sent back to the planetoid LV-426 with a unit of Colonial Marines.",English,8.4,Action|Adventure|Sci-Fi,https://image.tmdb.org/t/p/w500/b1bdEb6Y4oXbN136709qF4eXU5L.jpg
75,Inglourious Basterds,2009,153,"In Nazi-occupied France during World War II, a plan to assassinate Nazi leaders by a group of Jewish U.S. soldiers coincides with a theatre owner's vengeful plans.",English,8.4,Adventure|Drama|War,https://image.tmdb.org/t/p/w500/7sfbEnaARXDD5P0ms7ms1QW2vP0.jpg
76,Django Unchained,2012,165,"With the help of a German bounty-hunter, a freed slave sets out to rescue his wife from a brutal Mississippi plantation owner.",English,8.5,Drama|Western,https://image.tmdb.org/t/p/w500/7oWY8vdWW7thTzWh3OKYRkWUlD5.jpg
77,The Departed,2006,151,An undercover cop and a mole in the police attempt to identify each other while infiltrating an Irish gang in South Boston.,English,8.5,Crime|Drama|Thriller,https://image.tmdb.org/t/p/w500/nT97ifvt2J1yMQmeq20Qblg61T.jpg
78,Memento,2000,113,A man with short-term memory loss attempts to track down his wife's murderer.,English,8.4,Mystery|Thriller,https://image.tmdb.org/t/p/w500/yuNs09hvpHVU1cBTCA99x5w2Qyn.jpg
79,Back to the Future,1985,116,"Marty McFly, a 17-year-old high school student, is accidentally sent thirty years into the past in a time-traveling DeLorean.",English,8.5,Adventure|Comedy|Sci-Fi,https://image.tmdb.org/t/p/w500/7lyBcpYB0Qt8gYvXYaEZUNNsSOr.jpg
80,The Truman Show,1998,103,An insurance salesman discovers his whole life is actually a reality TV show.,English,8.2,Comedy|Drama,https://image.tmdb.org/t/p/w500/vuza0WqY239gB21GwIo4vH5EBRo.jpg
81,Eternal Sunshine of the Spotless Mind,2004,108,"When their relationship turns sour, a couple undergoes a medical procedure to have each other erased from their memories.",English,8.3,Drama|Romance|Sci-Fi,https://image.tmdb.org/t/p/w500/5MwkWH9tYHv3mV9OdYTMR5q9IzL.jpg
82,Gladiator II,2024,148,"Years after witnessing the death of Maximus at the hands of his uncle, Lucius must enter the Colosseum.",English,7.4,Action|Adventure|Drama,https://image.tmdb.org/t/p/w500/2cxhvwyEwRlysAmRH4iodkvo0z5.jpg
83,Joker,2019,122,"During the 1980s, a failed stand-up comedian is driven insane and turns to a life of crime and chaos in Gotham City.",English,8.4,Crime|Drama|Thriller,https://image.tmdb.org/t/p/w500/udDclJoHjfjb8Ekgsd4FDteOkCU.jpg
84,No Country for Old Men,2007,122,Violence and mayhem ensue after a hunter stumbles upon a drug deal gone wrong and more than two million dollars in cash.,English,8.2,Crime|Drama|Thriller,https://image.tmdb.org/t/p/w500/bj1v6YKF8MH1fP1jD3vE3C9c7vY.jpg
85,There Will Be Blood,2007,158,"A story of family, religion, hatred, oil and madness, focusing on a turn-of-the-century prospector in the early days of the business.",English,8.2,Drama,https://image.tmdb.org/t/p/w500/fa0RDkAlCec0STnT78RiNyqhvdg.jpg
86,1917,2019,119,"April 6th, 1917. As an infantry battalion assembles to wage war deep in enemy territory, two soldiers are assigned to race against time.",English,8.2,Action|Drama|War,https://image.tmdb.org/t/p/w500/iZf0KyrE25z1sage4SYFLCCrMi9.jpg
87,Hacksaw Ridge,2016,139,"World War II American Army Medic Desmond T. Doss, who served during the Battle of Okinawa, refuses to bear arms.",English,8.1,Biography|Drama|History,https://image.tmdb.org/t/p/w500/jhWv186F00j19nNfl8q1eD5Pq2s.jpg
88,Black Panther,2018,134,"T'Challa, heir to the hidden kingdom of Wakanda, must step forward to lead his people into a new future and must confront a challenger.",English,7.3,Action|Adventure|Sci-Fi,https://image.tmdb.org/t/p/w500/uxzzxijgPIY7slzFvMotPv8vlum.jpg
89,Doctor Strange,2016,115,"While on a journey of physical and spiritual healing, a brilliant neurosurgeon is drawn into the world of the mystic arts.",English,7.5,Action|Adventure|Fantasy,https://image.tmdb.org/t/p/w500/xf8PbyQcR5ucsqxuzA5qLwXi4v.jpg
90,Guardians of the Galaxy,2014,121,A group of intergalactic criminals must pull together to stop a fanatical warrior with plans to purge the universe.,English,8.0,Action|Adventure|Comedy,https://image.tmdb.org/t/p/w500/r2J02Z2OpNTctetGCGi57q9qJ3w.jpg
91,Thor: Ragnarok,2017,130,"Imprisoned on the planet Sakaar, Thor must race against time to return to Asgard and stop Ragnarök.",English,7.9,Action|Adventure|Comedy,https://image.tmdb.org/t/p/w500/rzRwTcFvttcN1ZpX2xv4jvoY0KH.jpg
92,Deadpool,2016,108,"A wisecracking mercenary gets experimented on and becomes immortal but ugly, and sets out to track down the man who ruined his looks.",English,8.0,Action|Comedy,https://image.tmdb.org/t/p/w500/fSRb7vyIP8rQpL0I47P3q1u34xL.jpg
93,Logan,2017,137,"In a future where mutants are nearly extinct, an elderly and weary Logan leads a quiet life until a mutant child arrives pursued by dark forces.",English,8.1,Action|Drama|Sci-Fi,https://image.tmdb.org/t/p/w500/fnbjcRDYn6YviCcePDnGdyAkYsB.jpg
94,Everything Everywhere All at Once,2022,139,A middle-aged Chinese immigrant is swept up into an insane adventure in which she alone can save existence by exploring other universes.,English,7.8,Action|Adventure|Comedy|Sci-Fi,https://image.tmdb.org/t/p/w500/w3LxiVYPqrlexPbtBmhw8um9i0i.jpg
95,Top Gun: Maverick,2022,130,"After thirty years, Maverick is still pushing the envelope as a top naval aviator, but must confront ghosts of his past.",English,8.2,Action|Drama,https://image.tmdb.org/t/p/w500/62HCnUTziyWcpDaBO2i1DX17ljH.jpg
96,Spider-Man 2,2004,127,Peter Parker is beset with troubles in his failing personal life as he battles a brilliant scientist named Doctor Otto Octavius.,English,7.4,Action|Sci-Fi,https://image.tmdb.org/t/p/w500/olxpyq94zk2HQnTe5c9AzV29hdL.jpg
97,Casino Royale,2006,144,"After earning 00 status, secret agent James Bond embarks on his first mission to prevent a private banker from winning a high-stakes poker game.",English,8.0,Action|Adventure|Thriller,https://image.tmdb.org/t/p/w500/zlPuvt61m3J4sJ0bX3vM047jBsm.jpg
98,Skyfall,2012,143,"James Bond's loyalty to M is tested when her past comes back to haunt her. When MI6 comes under attack, 007 must track down and destroy the threat.",English,7.8,Action|Adventure|Thriller,https://image.tmdb.org/t/p/w500/izr0b9Vw2k7K5A4yB1H6n362N.jpg
99,Inception: Chapter 2,2013,134,The continuing saga of Inception. A thief who steals corporate secrets through the use of dream-sharing technology is given the inverse task of planting a...,English,8.8,Action|Sci-Fi|Adventure,https://image.tmdb.org/t/p/w500/9gk7adHYeDvHkCSEqAvQNLV5Uge.jpg
100,Interstellar: Origins,2018,169,"The continuing saga of Interstellar. When Earth becomes uninhabitable in the future, a farmer and ex-NASA pilot, Joseph Cooper, is tasked to pilot a spacecra...",English,8.8,Adventure|Drama|Sci-Fi,https://image.tmdb.org/t/p/w500/gEU2QniE6E77NI6lCU6MxlNBvIx.jpg
101,The Matrix: Legacy,2004,127,"The continuing saga of The Matrix. When a beautiful stranger leads computer hacker Neo to a forbidding underworld, he discovers the shocking truth--the lif...",English,8.2,Action|Sci-Fi,https://image.tmdb.org/t/p/w500/f89U3ADr1oiB1s9GkdPOEpXUk5H.jpg
102,The Dark Knight: Resurrection,2014,171,"The continuing saga of The Dark Knight. When the menace known as the Joker wreaks havoc and chaos on the people of Gotham, Batman must accept one of the greates...",English,9.0,Action|Crime|Drama,https://image.tmdb.org/t/p/w500/qJ2tW6WMUDux911r6m7haRef0WH.jpg
103,The Dark Knight Rises: Retribution,2019,176,"The continuing saga of The Dark Knight Rises. Eight years after the Joker's reign of chaos, Batman is forced to resurface to protect Gotham City from the brutal guerr...",English,7.7,Action|Thriller,https://image.tmdb.org/t/p/w500/hr0L2aueqlP2BYUblTTjmtn0hw4.jpg
104,Batman Begins: Final Battle,2013,130,"The continuing saga of Batman Begins. After training with his mentor, Batman begins his fight to free crime-ridden Gotham City from corruption....",English,7.4,Action|Crime|Drama,https://image.tmdb.org/t/p/w500/1P3GslsqN0jT5bVzG717hL1A5gS.jpg
105,Avengers: Endgame: Reckoning,2020,198,"The continuing saga of Avengers: Endgame. After the devastating events of Infinity War, the universe is in ruins. With the help of remaining allies, the Avengers ...",English,7.9,Action|Adventure|Sci-Fi,https://image.tmdb.org/t/p/w500/or06FN3Dka5tukK1e9sl16pB3iy.jpg
106,Avengers: Infinity War: Chapter 2,2020,169,The continuing saga of Avengers: Infinity War. The Avengers and their allies must be willing to sacrifice all in an attempt to defeat the powerful Thanos before his bl...,English,8.3,Action|Adventure|Sci-Fi,https://image.tmdb.org/t/p/w500/7WsyChQLEftFiDOVTGkv3hFpyyt.jpg
107,The Avengers: Origins,2015,162,The continuing saga of The Avengers. Earth's mightiest heroes must come together and learn to fight as a team if they are going to stop the mischievous Loki ...,English,7.4,Action|Sci-Fi,https://image.tmdb.org/t/p/w500/RYMX2wcKCBAr24UyPD7xwmjaTn.jpg
108,Iron Man: Legacy,2012,139,"The continuing saga of Iron Man. After being held captive in an Afghan cave, billionaire engineer Tony Stark creates a unique weaponized suit of armor to...",English,7.6,Action|Adventure|Sci-Fi,https://image.tmdb.org/t/p/w500/78lPtwv72eTNqFW9COBYI0dWDJa.jpg
109,Iron Man 3: Resurrection,2018,115,"The continuing saga of Iron Man 3. When Tony Stark's world is torn apart by a formidable terrorist called the Mandarin, he starts an odyssey of rebuilding ...",English,7.0,Action|Sci-Fi,https://image.tmdb.org/t/p/w500/qhPtAc1TKbMPqNvcdXSOn9Bn7hZ.jpg
110,Captain America: Civil War: Retribution,2022,142,The continuing saga of Captain America: Civil War. Political involvement in the Avengers' affairs causes a rift between Captain America and Iron Man....,English,7.9,Action|Sci-Fi,https://image.tmdb.org/t/p/w500/rAGiXaUfPzY7CnjyNKsqvdM99No.jpg
111,Spider-Man: No Way Home: Final Battle,2025,154,"The continuing saga of Spider-Man: No Way Home. With Spider-Man's identity now revealed, Peter asks Doctor Strange for help. When a spell goes wrong, dangerous foes fro...",English,8.2,Action|Adventure|Sci-Fi,https://image.tmdb.org/t/p/w500/1g0dhYtq4irTY1GPXvft6k4YLjm.jpg
112,Spider-Man: Into the Spider-Verse: Reckoning,2025,115,The continuing saga of Spider-Man: Into the Spider-Verse. Teen Miles Morales becomes the new Spider-Man and joins other Spider-Heroes from parallel dimensions to stop a threat to...,English,7.9,Animation|Action|Adventure,https://image.tmdb.org/t/p/w500/iiZZdoQBEYBv6id8su7ImL0oCbD.jpg
113,Avatar: Chapter 2,2010,168,The continuing saga of Avatar. A paraplegic Marine dispatched to the moon Pandora on a unique mission becomes torn between following his orders and pro...,English,8.2,Action|Adventure|Fantasy|Sci-Fi,https://image.tmdb.org/t/p/w500/kyeqWdyUXW608qlYkRqosgbbJyK.jpg
114,Avatar: The Way of Water: Origins,2024,201,The continuing saga of Avatar: The Way of Water. Jake Sully lives with his newfound family formed on the extrasolar moon Pandora. Once a familiar threat returns to finis...,English,6.9,Action|Adventure|Sci-Fi,https://image.tmdb.org/t/p/w500/t6HIqrRAclMCA60NsSmeqe9RmNV.jpg
115,The Martian: Legacy,2018,151,"The continuing saga of The Martian. An astronaut becomes stranded on Mars after his team assume him dead, and must rely on his ingenuity to find a way to si...",English,7.3,Adventure|Drama|Sci-Fi,https://image.tmdb.org/t/p/w500/5BHuvQ6p9kL09NM279hDYW8572P.jpg
116,Gravity: Resurrection,2017,78,The continuing saga of Gravity. Two astronauts work together to survive after an accident leaves them stranded in space....,English,7.6,Drama|Sci-Fi|Thriller,https://image.tmdb.org/t/p/w500/2LNSZf96B2yqJqM3aFhXqM1p1zF.jpg
117,Arrival: Retribution,2021,135,The continuing saga of Arrival. A linguist works with the military to communicate with alien lifeforms after twelve mysterious spacecraft appear around ...,English,8.0,Drama|Mystery|Sci-Fi,https://image.tmdb.org/t/p/w500/x2FJsf1ElAgr63Y3PNPtJrcmpoe.jpg
118,Blade Runner 2049: Final Battle,2023,173,"The continuing saga of Blade Runner 2049. Young Blade Runner K's discovery of a long-buried secret leads him to track down former Blade Runner Rick Deckard, who's...",English,7.3,Action|Drama|Mystery|Sci-Fi,https://image.tmdb.org/t/p/w500/gajva2L0rPYkEWjzgFlBXCAVBE5.jpg
119,Jurassic Park: Reckoning,2000,130,The continuing saga of Jurassic Park. A pragmatic paleontologist touring an almost complete theme park on an island in Central America is tasked with protecti...,English,7.5,Action|Adventure|Sci-Fi,https://image.tmdb.org/t/p/w500/oU7Oq2kFAAlGqbU4VoAE36g4hoI.jpg
120,Jurassic World: Chapter 2,2023,132,"The continuing saga of Jurassic World. A new theme park, built on the original site of Jurassic Park, creates a genetically modified hybrid dinosaur, the Indom...",English,7.1,Action|Adventure|Sci-Fi,https://image.tmdb.org/t/p/w500/A0LZH8JlsQj6c8mox7f7eKqB22w.jpg
121,Dune: Origins,2022,144,The continuing saga of Dune. A noble family becomes embroiled in a war for control over the galaxy's most valuable asset while its heir becomes troub...,English,7.9,Action|Adventure|Drama|Sci-Fi,https://image.tmdb.org/t/p/w500/d5NXSklXo0qyIYkgV94XAgMIckC.jpg
122,Dune: Part Two: Legacy,2025,165,The continuing saga of Dune: Part Two. Paul Atreides unites with Chani and the Fremen while seeking revenge against the conspirators who destroyed his family....,English,7.9,Action|Adventure|Sci-Fi,https://image.tmdb.org/t/p/w500/1pdfLvkbY9ohJlCjQH2CZjjYVvJ.jpg
123,Terminator 2: Judgment Day: Resurrection,1994,127,"The continuing saga of Terminator 2: Judgment Day. A cyborg, identical to the one who failed to kill Sarah Connor, must now protect her ten-year-old son John from an even ...",English,8.7,Action|Sci-Fi,https://image.tmdb.org/t/p/w500/5M0j0B18abtBI5P2nnQiY06I9zg.jpg
124,Mad Max: Fury Road: Retribution,2019,111,"The continuing saga of Mad Max: Fury Road. In a post-apocalyptic wasteland, a woman rebels against a tyrannical ruler in search for her homeland with the aid of a ...",English,8.3,Action|Adventure|Sci-Fi,https://image.tmdb.org/t/p/w500/hA2ple9q4qnwxp3hKVNhroipsir.jpg
125,The Shawshank Redemption: Final Battle,1999,156,"The continuing saga of The Shawshank Redemption. Over the course of several years, two convicts form a friendship, seeking consolation and, eventually, redemption throug...",English,9.0,Drama,https://image.tmdb.org/t/p/w500/9cqNxx0GxF0bflZmeSMuL5tnGzr.jpg
126,The Godfather: Reckoning,1978,183,The continuing saga of The Godfather. The aging patriarch of an organized crime dynasty transfers control of his clandestine empire to his reluctant son....,English,9.1,Crime|Drama,https://image.tmdb.org/t/p/w500/3bhkrj58Vtu7enYsRolD1fZdja1.jpg
127,The Godfather Part II: Chapter 2,1981,209,"The continuing saga of The Godfather Part II. The early life and career of Vito Corleone in 1920s New York City is portrayed, while his son, Michael, expands and tigh...",English,8.4,Crime|Drama,https://image.tmdb.org/t/p/w500/hek3koDUyMrk7uOBzWq39f60u9v.jpg
128,Forrest Gump: Origins,2002,144,The continuing saga of Forrest Gump. The history of the United States from the 1950s to the '70s unfolds from the perspective of an Alabama man with an IQ of...,English,8.3,Drama|Romance,https://image.tmdb.org/t/p/w500/arw2tPUoHG9ipiyvBPdfKiOXY9n.jpg
129,Titanic: Legacy,1998,183,"The continuing saga of Titanic. A seventeen-year-old aristocrat falls in love with a kind but poor artist aboard the luxurious, ill-fated R.M.S. Titanic...",English,7.9,Drama|Romance,https://image.tmdb.org/t/p/w500/9xjZS2rlVxm8SFx8kPC3aIGCOYQ.jpg
130,Gladiator: Resurrection,2002,150,The continuing saga of Gladiator. A former Roman General sets out to exact vengeance against the corrupt emperor who murdered his family and sent him into...,English,8.4,Action|Adventure|Drama,https://image.tmdb.org/t/p/w500/ty8TGRuvJLPUmAR1H1nRIsgwvim.jpg
131,Schindler's List: Retribution,1996,195,"The continuing saga of Schindler's List. In German-occupied Poland during World War II, industrialist Oskar Schindler gradually becomes concerned for his Jewish ...",English,8.8,Biography|Drama|History,https://image.tmdb.org/t/p/w500/sF1U4EUQS8YHUYjNl3pMGNIQyr0.jpg
132,Pulp Fiction: Final Battle,1998,163,"The continuing saga of Pulp Fiction. The lives of two mob hitmen, a boxer, a gangster and his wife, and a pair of diner bandits intertwine in four tales of v...",English,8.3,Crime|Drama,https://image.tmdb.org/t/p/w500/vQWk5YBFWF4bZaofAbv0tShwBvQ.jpg
133,Fight Club: Reckoning,2004,159,The continuing saga of Fight Club. An insomniac office worker and a devil-may-care soap maker form an underground fight club that evolves into much more....,English,8.3,Drama,https://image.tmdb.org/t/p/w500/pB8BM7pdSp6B6Ih7QZ4DrQ3PmJK.jpg
134,Goodfellas: Chapter 2,1996,150,"The continuing saga of Goodfellas. The story of Henry Hill and his life in the mafia, covering his relationship with his wife Karen and his mob partners Ji...",English,8.2,Biography|Crime|Drama,https://image.tmdb.org/t/p/w500/aKuFiU82s5ISJpGZp7YkIr3kCUd.jpg
135,The Prestige: Origins,2013,118,"The continuing saga of The Prestige. After a tragic accident, two stage magicians in 1890s London engage in a battle to create the ultimate illusion while sa...",English,8.7,Drama|Mystery|Sci-Fi,https://image.tmdb.org/t/p/w500/tRNlZbgNCNOpLpbPEz5L8G8A0JN.jpg
136,Whiplash: Legacy,2022,93,The continuing saga of Whiplash. A promising young drummer enrolls at a cut-throat music conservatory where his dreams of greatness are mentored by an in...,English,8.0,Drama|Music,https://image.tmdb.org/t/p/w500/7fn624j5lj3xTme2SgiLCeuedmO.jpg
137,The Social Network: Resurrection,2011,130,"The continuing saga of The Social Network. As Harvard student Mark Zuckerberg creates the social networking site that would become known as Facebook, he is sued by...",English,8.0,Biography|Drama,https://image.tmdb.org/t/p/w500/n0ybibhJtQ5icDqTpTcvRnv0YvB.jpg
138,Oppenheimer: Retribution,2025,178,The continuing saga of Oppenheimer. The story of American scientist J. Robert Oppenheimer and his role in the development of the atomic bomb....,English,8.4,Biography|Drama|History,https://image.tmdb.org/t/p/w500/8Gxv8gSFCU0XGDykEGv7zR1n2ua.jpg
139,Toy Story: Final Battle,1998,86,The continuing saga of Toy Story. A cowboy doll is profoundly threatened and jealous when a new spaceman action figure supplants him as top toy in a boy's...,English,8.6,Animation|Adventure|Comedy,https://image.tmdb.org/t/p/w500/uXDfjJbdP4ijW5hWSBrPrlKpxab.jpg
140,Toy Story 3: Reckoning,2014,119,"The continuing saga of Toy Story 3. The toys are mistakenly delivered to a day-care center instead of the attic right before Andy leaves for college, and it...",English,7.8,Animation|Adventure|Comedy,https://image.tmdb.org/t/p/w500/AbbXspwhIR19YsjeTvrmFiBAFbZ.jpg
141,Finding Nemo: Chapter 2,2008,114,"The continuing saga of Finding Nemo. After his son is captured in the Great Barrier Reef and taken to Sydney, a timid clownfish sets out on a journey to brin...",English,7.9,Animation|Adventure|Comedy,https://image.tmdb.org/t/p/w500/eHuGQ10FUzK1mdOY692F5qGVEZe.jpg
142,The Lion King: Origins,2000,81,"The continuing saga of The Lion King. Lion prince Simba and his father are targeted by his bitter uncle, who wants to ascend the throne himself....",English,7.9,Animation|Adventure|Drama,https://image.tmdb.org/t/p/w500/sKCr78MXSLixwmZ8DyJLrpMsd15.jpg
143,Up: Legacy,2016,116,"The continuing saga of Up. 78-year-old Carl Fredricksen travels to Paradise Falls in his house equipped with balloons, inadvertently taking a young...",English,7.8,Animation|Adventure|Comedy,https://image.tmdb.org/t/p/w500/vpbaStTMt8qqGBE2580rBgHNQMe.jpg
144,WALL-E: Resurrection,2016,110,"The continuing saga of WALL-E. In the distant future, a small waste-collecting robot inadvertently embarks on a space journey that will ultimately deci...",English,8.2,Animation|Adventure|Sci-Fi,https://image.tmdb.org/t/p/w500/hbhFnRzzg6ZDmm8YAmxBnQpQIPh.jpg
145,Spirited Away: Retribution,2002,135,"The continuing saga of Spirited Away. During her family's move to the suburbs, a sullen 10-year-old girl wanders into a world ruled by gods, witches and spiri...",Japanese,8.9,Animation|Adventure|Family|Fantasy,https://image.tmdb.org/t/p/w500/39wmItIWsg5sZMyRUHLkWBcuVCM.jpg
146,Coco: Final Battle,2019,98,"The continuing saga of Coco. Aspiring musician Miguel, confronted with his family's ancestral ban on music, enters the Land of the Dead to find his g...",English,8.0,Animation|Adventure|Family,https://image.tmdb.org/t/p/w500/gGEsBPAijhVUFoiNpgZXqRVWJt2.jpg
147,Inside Out: Reckoning,2018,85,"The continuing saga of Inside Out. After young Riley is uprooted from her Midwest life and moved to San Francisco, her emotions - Joy, Fear, Anger, Disgust...",English,7.9,Animation|Adventure|Comedy,https://image.tmdb.org/t/p/w500/2H1TmgdfNbfKlUkjlOXMNSlB1Cr.jpg
148,Shrek: Chapter 2,2005,82,"The continuing saga of Shrek. A mean lord exiles fairytale creatures to the swamp of a grumpy ogre, who must go on a quest and rescue a princess for t...",English,8.0,Animation|Adventure|Comedy,https://image.tmdb.org/t/p/w500/iB64vpL3dIObOtMZgX3RqWCPCPo.jpg
149,The Grand Budapest Hotel: Origins,2019,94,"The continuing saga of The Grand Budapest Hotel. A writer encounters the owner of an aging high-class hotel, who tells him of his early years serving as a lobby boy in t...",English,7.5,Adventure|Comedy|Crime,https://image.tmdb.org/t/p/w500/eWdyYQreja6JGCzqHWX9NZkt5BW.jpg
150,Superbad: Legacy,2013,125,The continuing saga of Superbad. Two co-dependent high school seniors are forced to deal with separation anxiety after their plan to stage a booze-soaked...,English,7.8,Comedy,https://image.tmdb.org/t/p/w500/ek8e8txUyUwd2BNqj6lFEerJqEB.jpg
151,The Hangover: Resurrection,2016,109,"The continuing saga of The Hangover. Three buddies wake up from a bachelor party in Las Vegas, with no memory of the previous night and the bachelor missing....",English,7.6,Comedy,https://image.tmdb.org/t/p/w500/uluhlXubGu1VxU63X9VgMeQvXxx.jpg
152,La La Land: Retribution,2024,142,"The continuing saga of La La Land. While navigating their careers in Los Angeles, a pianist and an actress fall in love while attempting to reconcile their...",English,7.7,Comedy|Drama|Music|Romance,https://image.tmdb.org/t/p/w500/uDO8zWDhfWwoFdKS4fzkVJb0Rf0.jpg
153,Crazy Rich Asians: Final Battle,2019,140,"The continuing saga of Crazy Rich Asians. This contemporary romantic comedy, based on a global bestseller, follows native New Yorker Rachel Chu to Singapore to me...",English,6.7,Comedy|Romance,https://image.tmdb.org/t/p/w500/gnTqi6b7puv6Ww232eA1vWqQv4t.jpg
154,Groundhog Day: Reckoning,1995,86,"The continuing saga of Groundhog Day. A narcissistic TV weatherman, along with his attractive producer and cynical cameraman, is sent to report on Groundhog D...",English,8.2,Comedy|Fantasy|Romance,https://image.tmdb.org/t/p/w500/7u37H8dsxOhnhn2AqU99w30u7y5.jpg
155,Knives Out: Chapter 2,2022,122,"The continuing saga of Knives Out. A detective investigates the death of a patriarch of an eccentric, combative family....",English,7.9,Comedy|Crime|Drama|Mystery,https://image.tmdb.org/t/p/w500/pThyQovXQrw2m0s9x82twj48Jq4.jpg
156,The Wolf of Wall Street: Origins,2017,199,"The continuing saga of The Wolf of Wall Street. Based on the true story of Jordan Belfort, from his rise to a wealthy stock-broker living the high life to his fall invo...",English,8.2,Biography|Comedy|Crime,https://image.tmdb.org/t/p/w500/34m2tygAYBGqA9MXKhRDtzYd4MR.jpg
157,The Shining: Legacy,1985,152,"The continuing saga of The Shining. A family heads to an isolated hotel for the winter where a sinister presence influences the father into violence, while ...",English,8.5,Drama|Horror,https://image.tmdb.org/t/p/w500/b33nnKl12nLoTQiq5tQYh5cO4b.jpg
158,Psycho: Resurrection,1966,121,"The continuing saga of Psycho. A Phoenix secretary embezzles $40,000 from her employer's client, goes on the run and checks into a remote motel run by ...",English,7.8,Horror|Mystery|Thriller,https://image.tmdb.org/t/p/w500/yz45KMrciuC5kQ12cbgwL3LuYt4.jpg
159,Get Out: Retribution,2024,89,"The continuing saga of Get Out. A young African-American visits his white girlfriend's parents for the weekend, where his simmering uneasiness about the...",English,7.2,Horror|Mystery|Thriller,https://image.tmdb.org/t/p/w500/tFXcEccSQMf3lfhfXKSU9iRBpa3.jpg
160,A Quiet Place: Final Battle,2025,91,"The continuing saga of A Quiet Place. In a post-apocalyptic world, a family is forced to live in silence while hiding from monsters with ultra-sensitive heari...",English,7.8,Drama|Horror|Sci-Fi,https://image.tmdb.org/t/p/w500/nAU74GmpUk7t5iklEp3bufwDq4n.jpg
161,Se7en: Reckoning,1996,123,"The continuing saga of Se7en. Two detectives, a rookie and a veteran, hunt a serial killer who uses the seven deadly sins as his motives....",English,9.0,Crime|Drama|Mystery|Thriller,https://image.tmdb.org/t/p/w500/6yoghtyTpznpBik8EngEmJskVUO.jpg
162,The Silence of the Lambs: Chapter 2,1993,109,The continuing saga of The Silence of the Lambs. A young F.B.I. cadet must receive the help of an incarcerated and manipulative cannibal killer to help catch another ser...,English,8.4,Crime|Drama|Thriller,https://image.tmdb.org/t/p/w500/uS9m8OBk1A8eM9I042bx8XXpqAq.jpg
163,Parasite: Origins,2022,136,The continuing saga of Parasite. Greed and class discrimination threaten the newly formed symbiotic relationship between the wealthy Park family and the ...,Korean,8.7,Drama|Thriller,https://image.tmdb.org/t/p/w500/7IiTTgloJzvGI1TAYymCfbfl3vT.jpg
164,Shutter Island: Legacy,2014,155,"The continuing saga of Shutter Island. In 1954, a U.S. Marshal investigates the disappearance of a murderer who escaped from a hospital for the criminally insa...",English,8.4,Mystery|Thriller,https://image.tmdb.org/t/p/w500/kve20wgB2Zq4gGhNo226IRZeBTx.jpg
165,The Lord of the Rings: The Fellowship of the Ring: Resurrection,2006,172,The continuing saga of The Lord of the Rings: The Fellowship of the Ring. A meek Hobbit from the Shire and eight companions set out on a journey to destroy the powerful One Ring and save Middle-...,English,8.8,Action|Adventure|Drama|Fantasy,https://image.tmdb.org/t/p/w500/6oom5QYQ2yQTMJIbnvbkBL9cHo6.jpg
166,The Lord of the Rings: The Two Towers: Retribution,2008,174,"The continuing saga of The Lord of the Rings: The Two Towers. While Frodo and Sam edge closer to Mordor with the help of the shifty Gollum, the divided fellowship makes a stand again...",English,8.4,Action|Adventure|Drama|Fantasy,https://image.tmdb.org/t/p/w500/5VTN0pR8gcqV3EPUHHfMGnJYN9L.jpg
167,The Lord of the Rings: The Return of the King: Final Battle,2010,219,The continuing saga of The Lord of the Rings: The Return of the King. Gandalf and Aragorn lead the World of Men against Sauron's army to draw his gaze from Frodo and Sam as they approach Mou...,English,8.8,Action|Adventure|Drama|Fantasy,https://image.tmdb.org/t/p/w500/rCzpDGLbOoPwLjy3OAm5NUPOTrC.jpg
168,Harry Potter and the Sorcerer's Stone: Reckoning,2009,157,"The continuing saga of Harry Potter and the Sorcerer's Stone. An orphaned boy enrolls in a school of wizardry, where he learns the truth about himself, his family and the terrible ev...",English,7.9,Adventure|Family|Fantasy,https://image.tmdb.org/t/p/w500/wuMc08IPKEatv9rnMNXvIDxqP4W.jpg
169,Harry Potter and the Prisoner of Azkaban: Chapter 2,2005,134,"The continuing saga of Harry Potter and the Prisoner of Azkaban. Harry Potter, Ron and Hermione return to Hogwarts School of Witchcraft and Wizardry for their third year of study, where...",English,7.7,Adventure|Family|Fantasy,https://image.tmdb.org/t/p/w500/aWxHgpL2718E1TcxC9wT23Y2eD1.jpg
170,Pirates of the Caribbean: The Curse of the Black Pearl: Origins,2005,147,"The continuing saga of Pirates of the Caribbean: The Curse of the Black Pearl. Blacksmith Will Turner teams up with eccentric pirate ""Captain"" Jack Sparrow to save his love, the governor's daughter, ...",English,8.4,Action|Adventure|Fantasy,https://image.tmdb.org/t/p/w500/z8onk7LV9MPk6zpmCe5V740vdLI.jpg
171,Alien: Legacy,1982,117,The continuing saga of Alien. The crew of a commercial spacecraft encounters a deadly lifeform after investigating an unknown transmission....,English,8.0,Horror|Sci-Fi,https://image.tmdb.org/t/p/w500/vfrQk5IPloGg1v9Rzmu2u02iRmS.jpg
172,Aliens: Resurrection,1990,127,"The continuing saga of Aliens. Decades after surviving the Nostromo incident, Ellen Ripley is sent back to the planetoid LV-426 with a unit of Colonial...",English,8.7,Action|Adventure|Sci-Fi,https://image.tmdb.org/t/p/w500/b1bdEb6Y4oXbN136709qF4eXU5L.jpg
173,Inglourious Basterds: Retribution,2014,169,"The continuing saga of Inglourious Basterds. In Nazi-occupied France during World War II, a plan to assassinate Nazi leaders by a group of Jewish U.S. soldiers coinc...",English,7.7,Adventure|Drama|War,https://image.tmdb.org/t/p/w500/7sfbEnaARXDD5P0ms7ms1QW2vP0.jpg
174,Django Unchained: Final Battle,2018,184,"The continuing saga of Django Unchained. With the help of a German bounty-hunter, a freed slave sets out to rescue his wife from a brutal Mississippi plantation ...",English,8.7,Drama|Western,https://image.tmdb.org/t/p/w500/7oWY8vdWW7thTzWh3OKYRkWUlD5.jpg
175,The Departed: Reckoning,2013,144,The continuing saga of The Departed. An undercover cop and a mole in the police attempt to identify each other while infiltrating an Irish gang in South Bost...,English,8.6,Crime|Drama|Thriller,https://image.tmdb.org/t/p/w500/nT97ifvt2J1yMQmeq20Qblg61T.jpg
176,Memento: Chapter 2,2008,133,The continuing saga of Memento. A man with short-term memory loss attempts to track down his wife's murderer....,English,8.4,Mystery|Thriller,https://image.tmdb.org/t/p/w500/yuNs09hvpHVU1cBTCA99x5w2Qyn.jpg
177,Back to the Future: Origins,1986,134,"The continuing saga of Back to the Future. Marty McFly, a 17-year-old high school student, is accidentally sent thirty years into the past in a time-traveling DeLo...",English,7.9,Adventure|Comedy|Sci-Fi,https://image.tmdb.org/t/p/w500/7lyBcpYB0Qt8gYvXYaEZUNNsSOr.jpg
178,The Truman Show: Legacy,2000,115,The continuing saga of The Truman Show. An insurance salesman discovers his whole life is actually a reality TV show....,English,8.4,Comedy|Drama,https://image.tmdb.org/t/p/w500/vuza0WqY239gB21GwIo4vH5EBRo.jpg
179,Eternal Sunshine of the Spotless Mind: Resurrection,2007,127,"The continuing saga of Eternal Sunshine of the Spotless Mind. When their relationship turns sour, a couple undergoes a medical procedure to have each other erased from their memories...",English,8.7,Drama|Romance|Sci-Fi,https://image.tmdb.org/t/p/w500/5MwkWH9tYHv3mV9OdYTMR5q9IzL.jpg
180,Gladiator II: Retribution,2025,145,"The continuing saga of Gladiator II. Years after witnessing the death of Maximus at the hands of his uncle, Lucius must enter the Colosseum....",English,7.5,Action|Adventure|Drama,https://image.tmdb.org/t/p/w500/2cxhvwyEwRlysAmRH4iodkvo0z5.jpg
181,Joker: Final Battle,2024,132,"The continuing saga of Joker. During the 1980s, a failed stand-up comedian is driven insane and turns to a life of crime and chaos in Gotham City....",English,8.5,Crime|Drama|Thriller,https://image.tmdb.org/t/p/w500/udDclJoHjfjb8Ekgsd4FDteOkCU.jpg
182,No Country for Old Men: Reckoning,2013,130,The continuing saga of No Country for Old Men. Violence and mayhem ensue after a hunter stumbles upon a drug deal gone wrong and more than two million dollars in cash....,English,8.6,Crime|Drama|Thriller,https://image.tmdb.org/t/p/w500/bj1v6YKF8MH1fP1jD3vE3C9c7vY.jpg
183,There Will Be Blood: Chapter 2,2014,176,"The continuing saga of There Will Be Blood. A story of family, religion, hatred, oil and madness, focusing on a turn-of-the-century prospector in the early days of ...",English,7.9,Drama,https://image.tmdb.org/t/p/w500/fa0RDkAlCec0STnT78RiNyqhvdg.jpg
184,1917: Origins,2025,119,"The continuing saga of 1917. April 6th, 1917. As an infantry battalion assembles to wage war deep in enemy territory, two soldiers are assigned to ra...",English,7.9,Action|Drama|War,https://image.tmdb.org/t/p/w500/iZf0KyrE25z1sage4SYFLCCrMi9.jpg
185,Hacksaw Ridge: Legacy,2017,145,"The continuing saga of Hacksaw Ridge. World War II American Army Medic Desmond T. Doss, who served during the Battle of Okinawa, refuses to bear arms....",English,7.6,Biography|Drama|History,https://image.tmdb.org/t/p/w500/jhWv186F00j19nNfl8q1eD5Pq2s.jpg
186,Black Panther: Resurrection,2020,154,"The continuing saga of Black Panther. T'Challa, heir to the hidden kingdom of Wakanda, must step forward to lead his people into a new future and must confron...",English,6.5,Action|Adventure|Sci-Fi,https://image.tmdb.org/t/p/w500/uxzzxijgPIY7slzFvMotPv8vlum.jpg
187,Doctor Strange: Retribution,2019,114,"The continuing saga of Doctor Strange. While on a journey of physical and spiritual healing, a brilliant neurosurgeon is drawn into the world of the mystic art...",English,7.0,Action|Adventure|Fantasy,https://image.tmdb.org/t/p/w500/xf8PbyQcR5ucsqxuzA5qLwXi4v.jpg
188,Guardians of the Galaxy: Final Battle,2018,109,The continuing saga of Guardians of the Galaxy. A group of intergalactic criminals must pull together to stop a fanatical warrior with plans to purge the universe....,English,7.2,Action|Adventure|Comedy,https://image.tmdb.org/t/p/w500/r2J02Z2OpNTctetGCGi57q9qJ3w.jpg
189,Thor: Ragnarok: Reckoning,2022,117,"The continuing saga of Thor: Ragnarok. Imprisoned on the planet Sakaar, Thor must race against time to return to Asgard and stop Ragnarök....",English,7.4,Action|Adventure|Comedy,https://image.tmdb.org/t/p/w500/rzRwTcFvttcN1ZpX2xv4jvoY0KH.jpg
190,Deadpool: Chapter 2,2022,97,"The continuing saga of Deadpool. A wisecracking mercenary gets experimented on and becomes immortal but ugly, and sets out to track down the man who ruin...",English,8.2,Action|Comedy,https://image.tmdb.org/t/p/w500/fSRb7vyIP8rQpL0I47P3q1u34xL.jpg
191,Logan: Origins,2024,139,"The continuing saga of Logan. In a future where mutants are nearly extinct, an elderly and weary Logan leads a quiet life until a mutant child arrives...",English,7.9,Action|Drama|Sci-Fi,https://image.tmdb.org/t/p/w500/fnbjcRDYn6YviCcePDnGdyAkYsB.jpg
192,Everything Everywhere All at Once: Legacy,2025,137,The continuing saga of Everything Everywhere All at Once. A middle-aged Chinese immigrant is swept up into an insane adventure in which she alone can save existence by exploring ...,English,7.8,Action|Adventure|Comedy|Sci-Fi,https://image.tmdb.org/t/p/w500/w3LxiVYPqrlexPbtBmhw8um9i0i.jpg
193,Top Gun: Maverick: Resurrection,2023,145,"The continuing saga of Top Gun: Maverick. After thirty years, Maverick is still pushing the envelope as a top naval aviator, but must confront ghosts of his past....",English,8.0,Action|Drama,https://image.tmdb.org/t/p/w500/62HCnUTziyWcpDaBO2i1DX17ljH.jpg
194,Spider-Man 2: Retribution,2006,142,The continuing saga of Spider-Man 2. Peter Parker is beset with troubles in his failing personal life as he battles a brilliant scientist named Doctor Otto O...,English,6.9,Action|Sci-Fi,https://image.tmdb.org/t/p/w500/olxpyq94zk2HQnTe5c9AzV29hdL.jpg
195,Casino Royale: Final Battle,2009,141,"The continuing saga of Casino Royale. After earning 00 status, secret agent James Bond embarks on his first mission to prevent a private banker from winning a...",English,8.2,Action|Adventure|Thriller,https://image.tmdb.org/t/p/w500/zlPuvt61m3J4sJ0bX3vM047jBsm.jpg
196,Skyfall: Reckoning,2016,155,"The continuing saga of Skyfall. James Bond's loyalty to M is tested when her past comes back to haunt her. When MI6 comes under attack, 007 must track d...",English,7.1,Action|Adventure|Thriller,https://image.tmdb.org/t/p/w500/izr0b9Vw2k7K5A4yB1H6n362N.jpg
197,Inception: Chapter 2,2015,159,The continuing saga of Inception. A thief who steals corporate secrets through the use of dream-sharing technology is given the inverse task of planting a...,English,8.4,Action|Sci-Fi|Adventure,https://image.tmdb.org/t/p/w500/9gk7adHYeDvHkCSEqAvQNLV5Uge.jpg
198,Interstellar: Origins,2020,157,"The continuing saga of Interstellar. When Earth becomes uninhabitable in the future, a farmer and ex-NASA pilot, Joseph Cooper, is tasked to pilot a spacecra...",English,8.5,Adventure|Drama|Sci-Fi,https://image.tmdb.org/t/p/w500/gEU2QniE6E77NI6lCU6MxlNBvIx.jpg
199,The Matrix: Legacy,2006,127,"The continuing saga of The Matrix. When a beautiful stranger leads computer hacker Neo to a forbidding underworld, he discovers the shocking truth--the lif...",English,8.7,Action|Sci-Fi,https://image.tmdb.org/t/p/w500/f89U3ADr1oiB1s9GkdPOEpXUk5H.jpg
200,The Dark Knight: Resurrection,2016,158,"The continuing saga of The Dark Knight. When the menace known as the Joker wreaks havoc and chaos on the people of Gotham, Batman must accept one of the greates...",English,8.3,Action|Crime|Drama,https://image.tmdb.org/t/p/w500/qJ2tW6WMUDux911r6m7haRef0WH.jpg
201,The Dark Knight Rises: Retribution,2013,155,"The continuing saga of The Dark Knight Rises. Eight years after the Joker's reign of chaos, Batman is forced to resurface to protect Gotham City from the brutal guerr...",English,8.6,Action|Thriller,https://image.tmdb.org/t/p/w500/hr0L2aueqlP2BYUblTTjmtn0hw4.jpg
202,Batman Begins: Final Battle,2007,137,"The continuing saga of Batman Begins. After training with his mentor, Batman begins his fight to free crime-ridden Gotham City from corruption....",English,7.7,Action|Crime|Drama,https://image.tmdb.org/t/p/w500/1P3GslsqN0jT5bVzG717hL1A5gS.jpg
203,Avengers: Endgame: Reckoning,2022,174,"The continuing saga of Avengers: Endgame. After the devastating events of Infinity War, the universe is in ruins. With the help of remaining allies, the Avengers ...",English,8.2,Action|Adventure|Sci-Fi,https://image.tmdb.org/t/p/w500/or06FN3Dka5tukK1e9sl16pB3iy.jpg
204,Avengers: Infinity War: Chapter 2,2022,151,The continuing saga of Avengers: Infinity War. The Avengers and their allies must be willing to sacrifice all in an attempt to defeat the powerful Thanos before his bl...,English,8.1,Action|Adventure|Sci-Fi,https://image.tmdb.org/t/p/w500/7WsyChQLEftFiDOVTGkv3hFpyyt.jpg
205,The Avengers: Origins,2017,132,The continuing saga of The Avengers. Earth's mightiest heroes must come together and learn to fight as a team if they are going to stop the mischievous Loki ...,English,7.8,Action|Sci-Fi,https://image.tmdb.org/t/p/w500/RYMX2wcKCBAr24UyPD7xwmjaTn.jpg
206,Iron Man: Legacy,2014,146,"The continuing saga of Iron Man. After being held captive in an Afghan cave, billionaire engineer Tony Stark creates a unique weaponized suit of armor to...",English,7.6,Action|Adventure|Sci-Fi,https://image.tmdb.org/t/p/w500/78lPtwv72eTNqFW9COBYI0dWDJa.jpg
207,Iron Man 3: Resurrection,2020,149,"The continuing saga of Iron Man 3. When Tony Stark's world is torn apart by a formidable terrorist called the Mandarin, he starts an odyssey of rebuilding ...",English,6.4,Action|Sci-Fi,https://image.tmdb.org/t/p/w500/qhPtAc1TKbMPqNvcdXSOn9Bn7hZ.jpg
208,Captain America: Civil War: Retribution,2024,137,The continuing saga of Captain America: Civil War. Political involvement in the Avengers' affairs causes a rift between Captain America and Iron Man....,English,8.0,Action|Sci-Fi,https://image.tmdb.org/t/p/w500/rAGiXaUfPzY7CnjyNKsqvdM99No.jpg
209,Spider-Man: No Way Home: Final Battle,2022,148,"The continuing saga of Spider-Man: No Way Home. With Spider-Man's identity now revealed, Peter asks Doctor Strange for help. When a spell goes wrong, dangerous foes fro...",English,8.5,Action|Adventure|Sci-Fi,https://image.tmdb.org/t/p/w500/1g0dhYtq4irTY1GPXvft6k4YLjm.jpg
210,Spider-Man: Into the Spider-Verse: Reckoning,2020,133,The continuing saga of Spider-Man: Into the Spider-Verse. Teen Miles Morales becomes the new Spider-Man and joins other Spider-Heroes from parallel dimensions to stop a threat to...,English,7.8,Animation|Action|Adventure,https://image.tmdb.org/t/p/w500/iiZZdoQBEYBv6id8su7ImL0oCbD.jpg
211,Avatar: Chapter 2,2012,172,The continuing saga of Avatar. A paraplegic Marine dispatched to the moon Pandora on a unique mission becomes torn between following his orders and pro...,English,7.7,Action|Adventure|Fantasy|Sci-Fi,https://image.tmdb.org/t/p/w500/kyeqWdyUXW608qlYkRqosgbbJyK.jpg
212,Avatar: The Way of Water: Origins,2025,187,The continuing saga of Avatar: The Way of Water. Jake Sully lives with his newfound family formed on the extrasolar moon Pandora. Once a familiar threat returns to finis...,English,7.9,Action|Adventure|Sci-Fi,https://image.tmdb.org/t/p/w500/t6HIqrRAclMCA60NsSmeqe9RmNV.jpg
213,The Martian: Legacy,2020,153,"The continuing saga of The Martian. An astronaut becomes stranded on Mars after his team assume him dead, and must rely on his ingenuity to find a way to si...",English,7.7,Adventure|Drama|Sci-Fi,https://image.tmdb.org/t/p/w500/5BHuvQ6p9kL09NM279hDYW8572P.jpg
214,Gravity: Resurrection,2019,105,The continuing saga of Gravity. Two astronauts work together to survive after an accident leaves them stranded in space....,English,7.2,Drama|Sci-Fi|Thriller,https://image.tmdb.org/t/p/w500/2LNSZf96B2yqJqM3aFhXqM1p1zF.jpg
215,Arrival: Retribution,2023,136,The continuing saga of Arrival. A linguist works with the military to communicate with alien lifeforms after twelve mysterious spacecraft appear around ...,English,7.4,Drama|Mystery|Sci-Fi,https://image.tmdb.org/t/p/w500/x2FJsf1ElAgr63Y3PNPtJrcmpoe.jpg
216,Blade Runner 2049: Final Battle,2025,180,"The continuing saga of Blade Runner 2049. Young Blade Runner K's discovery of a long-buried secret leads him to track down former Blade Runner Rick Deckard, who's...",English,8.0,Action|Drama|Mystery|Sci-Fi,https://image.tmdb.org/t/p/w500/gajva2L0rPYkEWjzgFlBXCAVBE5.jpg
217,Jurassic Park: Reckoning,1994,130,The continuing saga of Jurassic Park. A pragmatic paleontologist touring an almost complete theme park on an island in Central America is tasked with protecti...,English,7.6,Action|Adventure|Sci-Fi,https://image.tmdb.org/t/p/w500/oU7Oq2kFAAlGqbU4VoAE36g4hoI.jpg
218,Jurassic World: Chapter 2,2017,112,"The continuing saga of Jurassic World. A new theme park, built on the original site of Jurassic Park, creates a genetically modified hybrid dinosaur, the Indom...",English,6.4,Action|Adventure|Sci-Fi,https://image.tmdb.org/t/p/w500/A0LZH8JlsQj6c8mox7f7eKqB22w.jpg
219,Dune: Origins,2024,174,The continuing saga of Dune. A noble family becomes embroiled in a war for control over the galaxy's most valuable asset while its heir becomes troub...,English,7.9,Action|Adventure|Drama|Sci-Fi,https://image.tmdb.org/t/p/w500/d5NXSklXo0qyIYkgV94XAgMIckC.jpg
220,Dune: Part Two: Legacy,2025,171,The continuing saga of Dune: Part Two. Paul Atreides unites with Chani and the Fremen while seeking revenge against the conspirators who destroyed his family....,English,7.9,Action|Adventure|Sci-Fi,https://image.tmdb.org/t/p/w500/1pdfLvkbY9ohJlCjQH2CZjjYVvJ.jpg
221,Terminator 2: Judgment Day: Resurrection,1996,152,"The continuing saga of Terminator 2: Judgment Day. A cyborg, identical to the one who failed to kill Sarah Connor, must now protect her ten-year-old son John from an even ...",English,7.9,Action|Sci-Fi,https://image.tmdb.org/t/p/w500/5M0j0B18abtBI5P2nnQiY06I9zg.jpg
222,Mad Max: Fury Road: Retribution,2021,138,"The continuing saga of Mad Max: Fury Road. In a post-apocalyptic wasteland, a woman rebels against a tyrannical ruler in search for her homeland with the aid of a ...",English,7.9,Action|Adventure|Sci-Fi,https://image.tmdb.org/t/p/w500/hA2ple9q4qnwxp3hKVNhroipsir.jpg
223,The Shawshank Redemption: Final Battle,2001,159,"The continuing saga of The Shawshank Redemption. Over the course of several years, two convicts form a friendship, seeking consolation and, eventually, redemption throug...",English,8.7,Drama,https://image.tmdb.org/t/p/w500/9cqNxx0GxF0bflZmeSMuL5tnGzr.jpg
224,The Godfather: Reckoning,1980,171,The continuing saga of The Godfather. The aging patriarch of an organized crime dynasty transfers control of his clandestine empire to his reluctant son....,English,8.5,Crime|Drama,https://image.tmdb.org/t/p/w500/3bhkrj58Vtu7enYsRolD1fZdja1.jpg
225,The Godfather Part II: Chapter 2,1975,191,"The continuing saga of The Godfather Part II. The early life and career of Vito Corleone in 1920s New York City is portrayed, while his son, Michael, expands and tigh...",English,8.3,Crime|Drama,https://image.tmdb.org/t/p/w500/hek3koDUyMrk7uOBzWq39f60u9v.jpg
