rating_id,user_id,movie_id,rating,rating_date
1,1,56,5.0,2026-09-20 19:55:54
2,1,160,4.5,2026-08-07 19:55:54
3,1,6,3.5,2026-09-26 19:55:54
4,1,210,2.0,2026-09-28 19:55:54
5,1,184,4.0,2026-09-01 19:55:54
6,1,196,3.5,2026-05-12 19:55:54
7,1,182,3.0,2026-04-07 19:55:54
8,1,70,2.5,2026-08-22 19:55:54
9,1,86,3.5,2026-08-23 19:55:54
10,1,106,3.5,2026-05-08 19:55:54
11,1,152,4.5,2026-05-09 19:55:54
12,1,181,5.0,2026-06-24 19:55:54
13,1,63,4.0,2026-09-14 19:55:54
14,1,119,4.0,2026-09-07 19:55:54
15,1,11,2.5,2026-04-11 19:55:54
16,1,212,3.5,2026-05-12 19:55:54
17,1,140,4.5,2026-05-20 19:55:54
18,1,101,4.5,2026-09-16 19:55:54
19,1,3,4.5,2026-09-30 19:55:54
20,1,162,5.0,2026-09-06 19:55:54
21,1,150,4.5,2026-04-24 19:55:54
22,1,8,5.0,2026-08-25 19:55:54
23,1,49,3.5,2026-04-20 19:55:54
24,1,149,3.5,2026-06-02 19:55:54
25,1,154,3.5,2026-07-27 19:55:54
26,2,186,5.0,2026-04-21 19:55:54
27,2,201,5.0,2026-09-29 19:55:54
28,2,148,4.0,2026-06-22 19:55:54
29,2,93,2.5,2026-04-17 19:55:54
30,2,217,5.0,2026-05-15 19:55:54
31,2,92,5.0,2026-05-16 19:55:54
32,2,56,3.0,2026-07-26 19:55:54
33,2,82,4.0,2026-09-03 19:55:54
34,2,61,2.5,2026-09-03 19:55:54
35,2,28,4.0,2026-08-15 19:55:54
36,2,101,3.0,2026-07-25 19:55:54
37,2,145,3.5,2026-05-04 19:55:54
38,2,164,3.5,2026-08-15 19:55:54
39,2,112,4.5,2026-08-19 19:55:54
40,2,151,5.0,2026-09-01 19:55:54
41,2,9,3.5,2026-05-15 19:55:54
42,2,124,4.0,2026-04-23 19:55:54
43,3,223,3.5,2026-09-08 19:55:54
44,3,43,4.0,2026-04-26 19:55:54
45,3,32,3.5,2026-08-24 19:55:54
46,3,127,5.0,2026-09-14 19:55:54
47,3,168,3.0,2026-06-10 19:55:54
48,3,135,3.0,2026-07-21 19:55:54
49,3,44,4.5,2026-07-23 19:55:54
50,3,65,5.0,2026-09-15 19:55:54
51,3,150,4.5,2026-04-26 19:55:54
52,3,29,4.0,2026-06-17 19:55:54
53,3,20,2.0,2026-04-21 19:55:54
54,3,209,4.5,2026-08-28 19:55:54
55,3,206,4.0,2026-07-17 19:55:54
56,3,88,5.0,2026-07-22 19:55:54
57,3,205,5.0,2026-04-10 19:55:54
58,3,120,5.0,2026-07-26 19:55:54
59,3,19,5.0,2026-06-13 19:55:54
60,3,53,3.5,2026-06-15 19:55:54
61,3,203,3.5,2026-07-31 19:55:54
62,3,14,2.0,2026-04-14 19:55:54
63,3,76,5.0,2026-05-06 19:55:54
64,4,139,3.0,2026-09-02 19:55:54
65,4,30,5.0,2026-08-03 19:55:54
66,4,114,4.5,2026-05-15 19:55:54
67,4,147,5.0,2026-09-10 19:55:54
68,4,155,3.5,2026-06-07 19:55:54
69,4,223,2.0,2026-05-29 19:55:54
70,4,197,4.5,2026-05-26 19:55:54
71,4,64,5.0,2026-06-02 19:55:54
72,4,203,2.0,2026-06-09 19:55:54
73,4,100,5.0,2026-08-16 19:55:54
74,4,146,5.0,2026-08-30 19:55:54
75,4,178,4.5,2026-06-19 19:55:54
76,4,119,3.5,2026-07-27 19:55:54
77,4,172,2.5,2026-07-19 19:55:54
78,4,34,5.0,2026-04-18 19:55:54
79,4,116,4.0,2026-06-11 19:55:54
80,4,14,2.5,2026-07-10 19:55:54
81,4,97,5.0,2026-06-29 19:55:54
82,4,110,4.5,2026-08-16 19:55:54
83,4,217,4.0,2026-05-10 19:55:54
84,4,68,5.0,2026-09-22 19:55:54
85,4,166,3.0,2026-06-28 19:55:54
86,4,69,4.0,2026-05-30 19:55:54
87,4,164,4.0,2026-05-28 19:55:54
88,4,19,4.5,2026-09-08 19:55:54
89,4,133,5.0,2026-09-08 19:55:54
90,5,33,5.0,2026-04-12 19:55:54
91,5,136,4.0,2026-08-20 19:55:54
92,5,105,5.0,2026-04-28 19:55:54
93,5,155,5.0,2026-05-07 19:55:54
94,5,53,5.0,2026-04-23 19:55:54
95,5,27,2.5,2026-04-16 19:55:54
96,5,88,3.0,2026-07-22 19:55:54
97,5,131,4.0,2026-09-15 19:55:54
98,5,111,2.5,2026-05-06 19:55:54
99,5,17,3.0,2026-04-10 19:55:54
100,5,213,2.5,2026-08-14 19:55:54
101,5,127,5.0,2026-09-06 19:55:54
102,5,6,5.0,2026-07-04 19:55:54
103,5,28,4.5,2026-09-28 19:55:54
104,5,150,5.0,2026-07-25 19:55:54
105,5,180,3.5,2026-05-01 19:55:54
106,5,162,4.5,2026-08-06 19:55:54
107,5,90,2.5,2026-08-08 19:55:54
108,5,54,5.0,2026-07-31 19:55:54
109,5,184,4.0,2026-04-26 19:55:54
110,5,158,3.5,2026-07-16 19:55:54
111,6,69,5.0,2026-07-02 19:55:54
112,6,135,5.0,2026-09-30 19:55:54
113,6,152,1.5,2026-06-09 19:55:54
114,6,178,4.5,2026-05-07 19:55:54
115,6,106,2.5,2026-09-06 19:55:54
116,6,191,5.0,2026-09-27 19:55:54
117,6,29,5.0,2026-07-12 19:55:54
118,6,120,4.0,2026-04-21 19:55:54
119,6,108,5.0,2026-04-07 19:55:54
120,6,154,3.0,2026-09-04 19:55:54
121,6,57,3.5,2026-07-18 19:55:54
122,6,97,3.5,2026-09-09 19:55:54
123,6,40,5.0,2026-08-30 19:55:54
124,6,71,2.5,2026-04-15 19:55:54
125,7,59,4.5,2026-08-27 19:55:54
126,7,225,5.0,2026-07-31 19:55:54
127,7,93,3.5,2026-04-17 19:55:54
128,7,160,4.0,2026-09-30 19:55:54
129,7,71,4.0,2026-05-06 19:55:54
130,7,125,2.0,2026-07-28 19:55:54
131,7,184,5.0,2026-05-22 19:55:54
132,7,134,3.5,2026-06-04 19:55:54
133,7,176,4.5,2026-05-25 19:55:54
134,7,80,3.0,2026-05-28 19:55:54
135,7,43,5.0,2026-09-22 19:55:54
136,7,151,3.5,2026-07-18 19:55:54
137,7,123,1.5,2026-09-18 19:55:54
138,7,183,5.0,2026-06-16 19:55:54
139,7,193,3.0,2026-06-12 19:55:54
140,7,122,1.5,2026-07-13 19:55:54
141,7,220,3.5,2026-09-01 19:55:54
142,7,30,3.5,2026-05-16 19:55:54
143,7,111,5.0,2026-05-04 19:55:54
144,7,25,5.0,2026-05-27 19:55:54
145,7,153,3.5,2026-04-07 19:55:54
146,7,48,5.0,2026-08-09 19:55:54
147,7,166,4.0,2026-06-20 19:55:54
148,7,205,5.0,2026-06-23 19:55:54
149,7,143,3.5,2026-07-15 19:55:54
150,8,222,4.5,2026-07-09 19:55:54
151,8,124,4.0,2026-08-28 19:55:54
152,8,121,5.0,2026-09-16 19:55:54
153,8,119,1.5,2026-09-10 19:55:54
154,8,63,4.0,2026-06-29 19:55:54
155,8,30,4.5,2026-08-24 19:55:54
156,8,114,4.5,2026-05-11 19:55:54
157,8,88,3.5,2026-08-25 19:55:54
158,8,39,5.0,2026-09-21 19:55:54
159,8,146,4.5,2026-06-12 19:55:54
160,8,206,3.0,2026-05-01 19:55:54
161,8,131,2.5,2026-08-09 19:55:54
162,8,33,3.5,2026-07-07 19:55:54
163,8,43,2.5,2026-04-13 19:55:54
164,8,24,5.0,2026-05-22 19:55:54
165,8,20,1.5,2026-08-08 19:55:54
166,8,145,5.0,2026-09-19 19:55:54
167,8,45,4.5,2026-08-10 19:55:54
168,8,155,4.5,2026-07-21 19:55:54
169,8,215,3.5,2026-05-29 19:55:54
170,8,133,4.0,2026-08-31 19:55:54
171,8,150,2.0,2026-05-28 19:55:54
172,8,26,4.5,2026-09-15 19:55:54
173,8,28,3.5,2026-06-14 19:55:54
174,9,28,5.0,2026-04-22 19:55:54
175,9,44,5.0,2026-07-13 19:55:54
176,9,207,4.5,2026-08-26 19:55:54
177,9,181,5.0,2026-06-12 19:55:54
178,9,84,2.5,2026-05-05 19:55:54
179,9,118,3.5,2026-09-15 19:55:54
180,9,41,5.0,2026-09-24 19:55:54
181,9,143,4.5,2026-09-14 19:55:54
182,9,8,3.5,2026-04-29 19:55:54
183,9,175,5.0,2026-06-07 19:55:54
184,9,14,3.5,2026-06-10 19:55:54
185,9,85,5.0,2026-04-20 19:55:54
186,9,128,3.5,2026-06-04 19:55:54
187,9,127,3.5,2026-06-10 19:55:54
188,9,153,2.5,2026-09-12 19:55:54
189,9,156,4.0,2026-09-23 19:55:54
190,9,16,5.0,2026-06-13 19:55:54
191,9,56,5.0,2026-08-24 19:55:54
192,9,117,4.5,2026-06-26 19:55:54
193,9,208,2.5,2026-04-13 19:55:54
194,9,31,2.5,2026-09-17 19:55:54
195,9,161,5.0,2026-04-13 19:55:54
196,9,203,4.5,2026-04-18 19:55:54
197,9,217,5.0,2026-08-26 19:55:54
198,9,212,5.0,2026-04-17 19:55:54
199,9,160,4.5,2026-07-16 19:55:54
200,9,151,3.0,2026-08-31 19:55:54
201,9,129,3.5,2026-07-16 19:55:54
202,10,168,5.0,2026-08-05 19:55:54
203,10,41,2.5,2026-06-05 19:55:54
204,10,152,2.0,2026-07-01 19:55:54
205,10,222,5.0,2026-06-13 19:55:54
206,10,74,2.5,2026-06-28 19:55:54
207,10,162,5.0,2026-08-23 19:55:54
208,10,22,3.5,2026-08-29 19:55:54
209,10,211,3.5,2026-04-22 19:55:54
210,10,110,4.5,2026-05-15 19:55:54
211,10,138,5.0,2026-09-02 19:55:54
212,10,113,4.0,2026-07-26 19:55:54
213,10,119,5.0,2026-08-27 19:55:54
214,10,103,3.5,2026-08-08 19:55:54
215,10,73,4.5,2026-09-27 19:55:54
216,10,217,5.0,2026-05-28 19:55:54
217,10,29,5.0,2026-09-13 19:55:54
218,10,45,1.5,2026-07-14 19:55:54
219,10,60,4.5,2026-08-27 19:55:54
220,10,173,4.5,2026-06-05 19:55:54
221,10,53,2.0,2026-06-05 19:55:54
222,10,5,3.5,2026-09-13 19:55:54
223,10,39,4.0,2026-08-26 19:55:54
224,10,66,5.0,2026-05-21 19:55:54
225,10,77,4.5,2026-08-04 19:55:54
226,11,223,3.5,2026-07-03 19:55:54
227,11,121,5.0,2026-05-17 19:55:54
228,11,44,5.0,2026-05-15 19:55:54
229,11,189,3.0,2026-09-22 19:55:54
230,11,111,4.5,2026-07-31 19:55:54
231,11,211,2.5,2026-09-16 19:55:54
232,11,5,1.5,2026-05-08 19:55:54
233,11,61,4.5,2026-08-30 19:55:54
234,11,32,5.0,2026-07-09 19:55:54
235,11,160,4.0,2026-04-11 19:55:54
236,11,161,5.0,2026-04-25 19:55:54
237,11,187,4.0,2026-09-17 19:55:54
238,11,134,5.0,2026-09-24 19:55:54
239,11,196,3.5,2026-08-13 19:55:54
240,12,183,3.5,2026-07-12 19:55:54
241,12,105,4.5,2026-06-11 19:55:54
242,12,156,3.0,2026-08-22 19:55:54
243,12,130,4.5,2026-06-11 19:55:54
244,12,70,4.5,2026-04-29 19:55:54
245,12,39,4.5,2026-04-23 19:55:54
246,12,114,3.5,2026-09-14 19:55:54
247,12,121,5.0,2026-07-02 19:55:54
248,12,160,2.0,2026-09-26 19:55:54
249,12,15,5.0,2026-04-13 19:55:54
250,12,171,3.5,2026-09-01 19:55:54
251,12,155,4.5,2026-07-03 19:55:54
252,12,102,5.0,2026-09-25 19:55:54
253,12,97,5.0,2026-07-01 19:55:54
254,12,181,1.5,2026-05-10 19:55:54
255,12,166,2.5,2026-06-24 19:55:54
256,12,179,2.5,2026-08-01 19:55:54
257,12,88,3.5,2026-08-17 19:55:54
258,12,21,5.0,2026-05-13 19:55:54
259,13,112,2.0,2026-07-14 19:55:54
260,13,213,3.0,2026-06-06 19:55:54
261,13,140,4.5,2026-09-01 19:55:54
262,13,127,5.0,2026-04-23 19:55:54
263,13,138,2.0,2026-06-15 19:55:54
264,13,114,1.5,2026-09-02 19:55:54
265,13,65,4.5,2026-08-22 19:55:54
266,13,72,2.0,2026-07-07 19:55:54
267,13,68,3.5,2026-07-23 19:55:54
268,13,58,4.5,2026-08-14 19:55:54
269,13,173,5.0,2026-07-25 19:55:54
270,13,220,4.5,2026-04-29 19:55:54
271,13,85,5.0,2026-04-22 19:55:54
272,13,28,5.0,2026-08-25 19:55:54
273,13,36,5.0,2026-05-02 19:55:54
274,13,131,5.0,2026-09-23 19:55:54
275,13,107,3.5,2026-09-13 19:55:54
276,13,13,5.0,2026-07-28 19:55:54
277,13,164,5.0,2026-06-19 19:55:54
278,13,105,3.5,2026-05-29 19:55:54
279,13,194,5.0,2026-07-21 19:55:54
280,13,199,2.5,2026-06-02 19:55:54
281,13,184,5.0,2026-07-19 19:55:54
282,13,44,3.5,2026-08-24 19:55:54
283,13,109,5.0,2026-06-07 19:55:54
284,13,52,5.0,2026-08-28 19:55:54
285,14,161,2.5,2026-05-19 19:55:54
286,14,83,3.5,2026-06-15 19:55:54
287,14,121,4.5,2026-07-02 19:55:54
288,14,89,4.5,2026-09-22 19:55:54
289,14,130,5.0,2026-05-13 19:55:54
290,14,148,5.0,2026-07-22 19:55:54
291,14,109,3.5,2026-06-10 19:55:54
292,14,65,2.5,2026-04-27 19:55:54
293,14,184,1.5,2026-09-01 19:55:54
294,14,40,5.0,2026-06-30 19:55:54
295,14,33,4.5,2026-05-14 19:55:54
296,14,81,4.0,2026-08-14 19:55:54
297,14,55,3.0,2026-05-28 19:55:54
298,14,114,3.5,2026-08-29 19:55:54
299,14,105,5.0,2026-05-24 19:55:54
300,14,96,5.0,2026-05-25 19:55:54
301,14,153,5.0,2026-07-14 19:55:54
302,14,127,3.5,2026-07-19 19:55:54
303,14,46,5.0,2026-05-26 19:55:54
304,14,17,5.0,2026-07-19 19:55:54
305,14,30,3.5,2026-07-01 19:55:54
306,14,170,3.5,2026-06-19 19:55:54
307,14,183,3.5,2026-05-04 19:55:54
308,14,37,5.0,2026-05-09 19:55:54
309,14,93,1.5,2026-05-07 19:55:54
310,15,161,5.0,2026-06-02 19:55:54
311,15,106,2.0,2026-07-24 19:55:54
312,15,61,4.0,2026-07-19 19:55:54
313,15,176,4.0,2026-04-10 19:55:54
314,15,150,4.5,2026-06-03 19:55:54
315,15,140,2.5,2026-07-22 19:55:54
316,15,186,5.0,2026-06-28 19:55:54
317,15,160,5.0,2026-07-07 19:55:54
318,15,70,2.0,2026-07-21 19:55:54
319,15,142,1.5,2026-07-07 19:55:54
320,15,56,4.5,2026-06-03 19:55:54
321,15,191,5.0,2026-07-26 19:55:54
322,15,25,4.5,2026-08-29 19:55:54
323,15,104,5.0,2026-08-03 19:55:54
324,15,175,5.0,2026-08-07 19:55:54
325,15,48,3.5,2026-09-08 19:55:54
326,15,196,5.0,2026-09-08 19:55:54
327,15,183,4.0,2026-10-02 19:55:54
328,15,22,4.0,2026-06-21 19:55:54
329,15,49,3.0,2026-06-03 19:55:54
330,15,149,2.5,2026-07-13 19:55:54
331,15,44,3.5,2026-09-11 19:55:54
332,16,130,3.5,2026-07-09 19:55:54
333,16,182,5.0,2026-04-14 19:55:54
334,16,215,4.0,2026-04-30 19:55:54
335,16,44,3.0,2026-06-16 19:55:54
336,16,103,3.5,2026-06-23 19:55:54
337,16,3,4.0,2026-08-29 19:55:54
338,16,125,2.0,2026-10-02 19:55:54
339,16,222,4.0,2026-06-11 19:55:54
340,16,15,4.5,2026-07-18 19:55:54
341,16,138,5.0,2026-10-01 19:55:54
342,16,219,4.5,2026-04-09 19:55:54
343,16,168,3.5,2026-06-06 19:55:54
344,16,69,5.0,2026-04-11 19:55:54
345,16,68,4.5,2026-04-10 19:55:54
346,16,140,2.5,2026-07-01 19:55:54
347,16,118,2.0,2026-08-30 19:55:54
348,16,189,3.0,2026-05-01 19:55:54
349,17,200,4.5,2026-04-07 19:55:54
350,17,143,3.5,2026-09-16 19:55:54
351,17,85,5.0,2026-09-25 19:55:54
352,17,173,4.0,2026-08-30 19:55:54
353,17,221,5.0,2026-06-30 19:55:54
354,17,205,3.0,2026-06-11 19:55:54
355,17,33,5.0,2026-06-29 19:55:54
356,17,106,5.0,2026-08-30 19:55:54
357,17,124,2.5,2026-09-03 19:55:54
358,17,196,5.0,2026-06-25 19:55:54
359,17,203,4.0,2026-10-03 19:55:54
360,17,41,4.5,2026-06-07 19:55:54
361,17,171,3.5,2026-06-17 19:55:54
362,17,20,4.0,2026-08-01 19:55:54
363,17,28,4.0,2026-07-25 19:55:54
364,17,206,3.5,2026-09-25 19:55:54
365,17,80,3.0,2026-04-29 19:55:54
366,17,46,1.5,2026-08-03 19:55:54
367,17,65,3.5,2026-05-04 19:55:54
368,17,35,3.5,2026-04-14 19:55:54
369,17,101,3.5,2026-08-02 19:55:54
370,17,191,3.0,2026-06-13 19:55:54
371,17,180,4.0,2026-09-19 19:55:54
372,17,109,4.5,2026-08-05 19:55:54
373,17,194,5.0,2026-07-14 19:55:54
374,18,101,2.5,2026-08-12 19:55:54
375,18,190,1.5,2026-06-10 19:55:54
376,18,91,3.5,2026-05-19 19:55:54
377,18,107,4.0,2026-09-20 19:55:54
378,18,16,3.5,2026-05-02 19:55:54
379,18,57,3.5,2026-08-16 19:55:54
380,18,100,5.0,2026-04-15 19:55:54
381,18,172,5.0,2026-08-11 19:55:54
382,18,134,4.5,2026-07-18 19:55:54
383,18,218,3.5,2026-08-10 19:55:54
384,18,164,3.5,2026-06-03 19:55:54
385,18,80,5.0,2026-08-12 19:55:54
386,18,20,4.0,2026-05-15 19:55:54
387,18,109,2.5,2026-06-28 19:55:54
388,18,93,2.5,2026-07-17 19:55:54
389,18,219,5.0,2026-05-29 19:55:54
390,18,76,5.0,2026-07-14 19:55:54
391,18,205,4.5,2026-07-15 19:55:54
392,18,139,5.0,2026-08-08 19:55:54
393,18,215,3.5,2026-07-29 19:55:54
394,18,182,5.0,2026-05-08 19:55:54
395,18,99,4.5,2026-08-25 19:55:54
396,18,46,4.0,2026-06-28 19:55:54
397,18,154,2.0,2026-05-29 19:55:54
398,18,194,4.5,2026-07-30 19:55:54
399,18,197,3.0,2026-04-22 19:55:54
400,19,183,5.0,2026-07-25 19:55:54
401,19,42,2.5,2026-09-29 19:55:54
402,19,21,3.0,2026-08-19 19:55:54
403,19,92,3.5,2026-05-22 19:55:54
404,19,140,2.0,2026-04-28 19:55:54
405,19,13,2.5,2026-07-27 19:55:54
406,19,138,3.5,2026-06-30 19:55:54
407,19,134,5.0,2026-05-12 19:55:54
408,19,223,2.0,2026-07-19 19:55:54
409,19,29,3.5,2026-04-19 19:55:54
410,19,166,3.5,2026-09-10 19:55:54
411,19,205,5.0,2026-05-15 19:55:54
412,19,53,3.5,2026-04-07 19:55:54
413,19,2,3.0,2026-06-14 19:55:54
414,19,47,4.5,2026-05-12 19:55:54
415,19,25,3.5,2026-05-21 19:55:54
416,19,224,4.0,2026-08-10 19:55:54
417,19,51,5.0,2026-06-04 19:55:54
418,19,225,3.5,2026-04-11 19:55:54
419,19,187,5.0,2026-05-12 19:55:54
420,19,143,4.0,2026-07-15 19:55:54
421,20,104,4.5,2026-05-15 19:55:54
422,20,208,5.0,2026-08-17 19:55:54
423,20,160,3.0,2026-09-12 19:55:54
424,20,54,2.5,2026-08-01 19:55:54
425,20,130,3.5,2026-07-27 19:55:54
426,20,80,4.0,2026-06-26 19:55:54
427,20,201,3.5,2026-09-10 19:55:54
428,20,114,4.5,2026-06-12 19:55:54
429,20,35,2.5,2026-09-07 19:55:54
430,20,183,4.0,2026-06-15 19:55:54
431,20,129,5.0,2026-05-25 19:55:54
432,20,64,3.5,2026-09-11 19:55:54
433,20,143,1.5,2026-05-04 19:55:54
434,20,205,2.5,2026-06-27 19:55:54
435,20,195,5.0,2026-06-26 19:55:54
436,20,27,5.0,2026-08-02 19:55:54
437,20,62,4.0,2026-04-11 19:55:54
438,21,181,4.5,2026-06-15 19:55:54
439,21,22,5.0,2026-08-30 19:55:54
440,21,220,5.0,2026-04-09 19:55:54
441,21,56,4.5,2026-08-19 19:55:54
442,21,107,4.5,2026-07-21 19:55:54
443,21,138,3.0,2026-05-09 19:55:54
444,21,30,2.5,2026-06-29 19:55:54
445,21,106,5.0,2026-07-02 19:55:54
446,21,53,5.0,2026-08-13 19:55:54
447,21,221,5.0,2026-08-18 19:55:54
448,21,119,5.0,2026-09-27 19:55:54
449,21,162,5.0,2026-08-11 19:55:54
450,21,187,4.5,2026-04-09 19:55:54
451,21,95,3.0,2026-04-14 19:55:54
452,21,160,4.5,2026-08-03 19:55:54
453,21,94,2.0,2026-06-17 19:55:54
454,22,167,3.5,2026-09-08 19:55:54
455,22,224,5.0,2026-05-24 19:55:54
456,22,206,3.5,2026-08-08 19:55:54
457,22,137,5.0,2026-06-07 19:55:54
458,22,106,3.5,2026-04-10 19:55:54
459,22,179,4.5,2026-09-27 19:55:54
460,22,130,4.5,2026-06-19 19:55:54
461,22,147,3.5,2026-09-04 19:55:54
462,22,158,4.0,2026-07-06 19:55:54
463,22,176,5.0,2026-08-12 19:55:54
464,22,174,2.5,2026-06-04 19:55:54
465,22,192,5.0,2026-07-14 19:55:54
466,22,155,1.5,2026-09-04 19:55:54
467,22,196,4.5,2026-04-21 19:55:54
468,22,11,4.0,2026-08-02 19:55:54
469,23,196,4.5,2026-07-05 19:55:54
470,23,131,3.5,2026-08-20 19:55:54
471,23,68,2.5,2026-04-29 19:55:54
472,23,155,2.0,2026-07-15 19:55:54
473,23,210,2.5,2026-09-04 19:55:54
474,23,174,4.0,2026-05-26 19:55:54
475,23,53,5.0,2026-08-29 19:55:54
476,23,216,5.0,2026-08-17 19:55:54
477,23,198,5.0,2026-04-09 19:55:54
478,23,121,4.0,2026-05-14 19:55:54
479,23,88,4.5,2026-08-29 19:55:54
480,23,108,5.0,2026-04-28 19:55:54
481,23,218,2.5,2026-10-01 19:55:54
482,23,205,4.0,2026-06-27 19:55:54
483,23,22,5.0,2026-04-19 19:55:54
484,23,60,5.0,2026-06-19 19:55:54
485,23,118,5.0,2026-05-31 19:55:54
486,23,145,5.0,2026-09-26 19:55:54
487,23,161,4.0,2026-07-21 19:55:54
488,23,146,2.0,2026-05-19 19:55:54
489,23,190,5.0,2026-05-12 19:55:54
490,23,51,5.0,2026-05-16 19:55:54
491,24,86,3.5,2026-04-13 19:55:54
492,24,97,4.0,2026-06-20 19:55:54
493,24,122,4.5,2026-04-19 19:55:54
494,24,148,4.0,2026-08-01 19:55:54
495,24,95,4.5,2026-08-01 19:55:54
496,24,83,5.0,2026-05-31 19:55:54
497,24,217,4.5,2026-04-26 19:55:54
498,24,183,5.0,2026-09-14 19:55:54
499,24,34,3.5,2026-06-22 19:55:54
500,24,37,2.5,2026-04-09 19:55:54
501,24,77,4.5,2026-06-09 19:55:54
502,24,181,2.5,2026-05-08 19:55:54
503,24,145,3.5,2026-06-08 19:55:54
504,24,38,4.5,2026-09-17 19:55:54
505,24,104,5.0,2026-08-09 19:55:54
506,24,116,4.0,2026-05-30 19:55:54
507,24,147,4.5,2026-07-09 19:55:54
508,24,219,4.0,2026-05-12 19:55:54
509,24,19,4.5,2026-04-12 19:55:54
510,24,15,3.5,2026-09-08 19:55:54
511,24,94,3.0,2026-09-29 19:55:54
512,24,48,2.0,2026-06-13 19:55:54
513,24,144,3.0,2026-08-13 19:55:54
514,25,85,5.0,2026-07-06 19:55:54
515,25,40,4.0,2026-06-20 19:55:54
516,25,194,5.0,2026-08-09 19:55:54
517,25,56,3.5,2026-08-29 19:55:54
518,25,140,5.0,2026-06-27 19:55:54
519,25,155,5.0,2026-07-15 19:55:54
520,25,4,2.0,2026-07-25 19:55:54
521,25,145,4.0,2026-05-15 19:55:54
522,25,204,3.5,2026-07-23 19:55:54
523,25,102,3.5,2026-04-18 19:55:54
524,25,14,4.0,2026-05-24 19:55:54
525,25,186,2.0,2026-06-25 19:55:54
526,25,51,1.5,2026-08-03 19:55:54
527,25,143,3.5,2026-08-03 19:55:54
528,25,119,5.0,2026-09-15 19:55:54
529,25,87,1.5,2026-07-03 19:55:54
530,25,3,4.0,2026-06-26 19:55:54
531,25,123,5.0,2026-06-18 19:55:54
532,25,33,4.0,2026-06-05 19:55:54
533,25,55,3.5,2026-09-29 19:55:54
534,25,129,3.5,2026-07-28 19:55:54
535,25,36,3.5,2026-06-24 19:55:54
536,25,171,3.5,2026-06-19 19:55:54
537,25,93,5.0,2026-09-12 19:55:54
538,25,107,5.0,2026-04-29 19:55:54
539,25,16,3.5,2026-07-16 19:55:54
540,25,30,2.0,2026-08-25 19:55:54
541,25,50,5.0,2026-05-06 19:55:54
542,26,154,2.5,2026-08-24 19:55:54
543,26,142,3.5,2026-05-10 19:55:54
544,26,8,1.5,2026-08-06 19:55:54
545,26,36,3.5,2026-09-22 19:55:54
546,26,57,3.5,2026-08-02 19:55:54
547,26,210,4.5,2026-06-27 19:55:54
548,26,45,2.0,2026-09-24 19:55:54
549,26,216,5.0,2026-08-07 19:55:54
550,26,81,5.0,2026-07-14 19:55:54
551,26,149,3.5,2026-05-10 19:55:54
552,26,82,5.0,2026-04-14 19:55:54
553,26,199,4.0,2026-08-07 19:55:54
554,26,221,3.5,2026-06-23 19:55:54
555,26,4,5.0,2026-07-23 19:55:54
556,26,220,2.5,2026-07-12 19:55:54
557,26,201,5.0,2026-10-01 19:55:54
558,26,28,4.5,2026-05-12 19:55:54
559,26,212,5.0,2026-08-02 19:55:54
560,26,21,5.0,2026-05-30 19:55:54
561,26,145,2.0,2026-05-17 19:55:54
562,26,103,4.0,2026-08-26 19:55:54
563,26,35,5.0,2026-09-27 19:55:54
564,26,225,4.5,2026-04-24 19:55:54
565,26,19,3.5,2026-07-10 19:55:54
566,26,55,3.0,2026-07-17 19:55:54
567,26,101,3.5,2026-08-04 19:55:54
568,26,214,3.5,2026-08-28 19:55:54
569,27,93,5.0,2026-04-07 19:55:54
570,27,209,4.5,2026-07-14 19:55:54
571,27,198,4.0,2026-09-14 19:55:54
572,27,172,2.0,2026-05-07 19:55:54
573,27,176,3.5,2026-08-22 19:55:54
574,27,24,2.5,2026-06-21 19:55:54
575,27,138,4.5,2026-08-11 19:55:54
576,27,204,3.0,2026-07-28 19:55:54
577,27,25,3.5,2026-08-24 19:55:54
578,27,28,2.5,2026-04-08 19:55:54
579,27,121,4.0,2026-07-12 19:55:54
580,27,214,4.0,2026-07-04 19:55:54
581,27,111,3.5,2026-04-13 19:55:54
582,27,184,4.0,2026-09-26 19:55:54
583,27,60,5.0,2026-05-14 19:55:54
584,28,107,3.0,2026-04-12 19:55:54
585,28,45,4.5,2026-08-10 19:55:54
586,28,25,2.5,2026-07-24 19:55:54
587,28,124,4.0,2026-09-25 19:55:54
588,28,50,5.0,2026-08-02 19:55:54
589,28,39,5.0,2026-06-20 19:55:54
590,28,132,5.0,2026-09-18 19:55:54
591,28,72,5.0,2026-08-29 19:55:54
592,28,78,5.0,2026-08-01 19:55:54
593,28,33,5.0,2026-09-29 19:55:54
594,28,10,2.5,2026-06-03 19:55:54
595,28,3,5.0,2026-07-07 19:55:54
596,28,153,5.0,2026-07-13 19:55:54
597,28,34,4.0,2026-09-27 19:55:54
598,28,36,2.0,2026-09-26 19:55:54
599,28,32,2.5,2026-09-19 19:55:54
600,28,24,5.0,2026-05-21 19:55:54
601,29,134,2.0,2026-07-13 19:55:54
602,29,140,4.0,2026-05-06 19:55:54
603,29,222,2.0,2026-09-05 19:55:54
604,29,117,4.5,2026-09-15 19:55:54
605,29,98,5.0,2026-05-06 19:55:54
606,29,39,4.5,2026-07-13 19:55:54
607,29,58,4.0,2026-06-14 19:55:54
608,29,20,5.0,2026-04-20 19:55:54
609,29,86,5.0,2026-04-09 19:55:54
610,29,207,5.0,2026-07-04 19:55:54
611,29,193,5.0,2026-08-20 19:55:54
612,29,60,2.5,2026-09-01 19:55:54
613,29,101,3.5,2026-04-07 19:55:54
614,29,93,5.0,2026-05-11 19:55:54
615,29,156,5.0,2026-07-14 19:55:54
616,29,55,5.0,2026-08-08 19:55:54
617,29,223,1.5,2026-05-29 19:55:54
618,29,106,3.5,2026-08-04 19:55:54
619,29,152,4.5,2026-08-22 19:55:54
620,29,135,1.5,2026-04-15 19:55:54
621,29,220,4.5,2026-06-11 19:55:54
622,29,200,4.0,2026-08-01 19:55:54
623,29,12,2.5,2026-07-30 19:55:54
624,30,14,3.0,2026-04-08 19:55:54
625,30,67,3.5,2026-07-28 19:55:54
626,30,137,4.5,2026-08-04 19:55:54
627,30,123,5.0,2026-05-10 19:55:54
628,30,22,3.0,2026-08-25 19:55:54
629,30,222,3.5,2026-06-16 19:55:54
630,30,17,5.0,2026-06-03 19:55:54
631,30,189,3.5,2026-08-12 19:55:54
632,30,77,4.5,2026-09-13 19:55:54
633,30,134,3.5,2026-07-17 19:55:54
634,30,1,5.0,2026-05-31 19:55:54
635,30,31,4.5,2026-09-10 19:55:54
636,30,164,5.0,2026-08-17 19:55:54
637,30,212,5.0,2026-07-01 19:55:54
638,30,115,3.5,2026-07-28 19:55:54
639,30,12,2.5,2026-08-07 19:55:54
640,30,136,3.5,2026-09-18 19:55:54
641,30,51,3.5,2026-09-12 19:55:54
642,30,93,3.5,2026-06-20 19:55:54
643,30,74,3.5,2026-08-06 19:55:54
644,30,158,5.0,2026-05-23 19:55:54
645,30,52,5.0,2026-04-11 19:55:54
646,30,179,5.0,2026-05-10 19:55:54
647,30,125,5.0,2026-07-19 19:55:54
648,30,144,3.5,2026-05-28 19:55:54
649,31,44,3.5,2026-05-12 19:55:54
650,31,225,4.5,2026-05-19 19:55:54
651,31,69,3.0,2026-07-28 19:55:54
652,31,25,5.0,2026-05-10 19:55:54
653,31,150,3.5,2026-08-20 19:55:54
654,31,160,4.0,2026-04-28 19:55:54
655,31,118,5.0,2026-09-24 19:55:54
656,31,185,4.5,2026-04-10 19:55:54
657,31,23,3.0,2026-07-27 19:55:54
658,31,51,3.5,2026-07-09 19:55:54
659,31,190,4.5,2026-07-16 19:55:54
660,31,120,5.0,2026-04-08 19:55:54
661,31,211,2.0,2026-08-30 19:55:54
662,31,48,5.0,2026-07-13 19:55:54
663,31,47,5.0,2026-05-02 19:55:54
664,31,46,2.0,2026-06-12 19:55:54
665,31,148,3.0,2026-06-01 19:55:54
666,31,56,4.5,2026-09-19 19:55:54
667,31,222,2.0,2026-09-17 19:55:54
668,31,175,5.0,2026-06-22 19:55:54
669,31,59,5.0,2026-05-11 19:55:54
670,31,53,4.0,2026-08-13 19:55:54
671,32,122,4.0,2026-07-27 19:55:54
672,32,157,3.5,2026-09-28 19:55:54
673,32,153,3.5,2026-06-04 19:55:54
674,32,202,2.0,2026-05-03 19:55:54
675,32,130,4.0,2026-07-31 19:55:54
676,32,39,4.5,2026-04-22 19:55:54
677,32,169,5.0,2026-07-06 19:55:54
678,32,124,4.0,2026-06-06 19:55:54
679,32,15,5.0,2026-04-27 19:55:54
680,32,96,1.5,2026-10-02 19:55:54
681,32,149,4.5,2026-05-13 19:55:54
682,32,71,3.5,2026-07-23 19:55:54
683,32,72,3.5,2026-06-02 19:55:54
684,32,21,4.5,2026-04-23 19:55:54
685,32,100,4.5,2026-07-29 19:55:54
686,32,5,4.5,2026-08-16 19:55:54
687,32,185,2.0,2026-09-19 19:55:54
688,33,156,5.0,2026-08-15 19:55:54
689,33,41,5.0,2026-05-21 19:55:54
690,33,135,1.5,2026-08-26 19:55:54
691,33,74,2.0,2026-07-08 19:55:54
692,33,136,5.0,2026-06-08 19:55:54
693,33,221,4.0,2026-09-13 19:55:54
694,33,143,4.0,2026-07-15 19:55:54
695,33,198,1.5,2026-06-10 19:55:54
696,33,63,4.0,2026-05-09 19:55:54
697,33,106,5.0,2026-09-11 19:55:54
698,33,185,3.0,2026-04-24 19:55:54
699,33,117,5.0,2026-06-03 19:55:54
700,33,114,1.5,2026-05-20 19:55:54
701,33,71,2.5,2026-09-30 19:55:54
702,33,218,3.5,2026-08-16 19:55:54
703,33,13,3.5,2026-04-26 19:55:54
704,33,105,4.0,2026-04-09 19:55:54
705,33,127,4.5,2026-08-31 19:55:54
706,33,152,5.0,2026-05-06 19:55:54
707,33,187,3.5,2026-09-22 19:55:54
708,33,206,4.5,2026-06-09 19:55:54
709,33,160,5.0,2026-05-22 19:55:54
710,33,10,4.0,2026-07-08 19:55:54
711,33,140,5.0,2026-07-04 19:55:54
712,33,52,4.0,2026-06-22 19:55:54
713,33,220,4.0,2026-08-31 19:55:54
714,34,120,5.0,2026-04-07 19:55:54
715,34,123,3.5,2026-07-18 19:55:54
716,34,54,3.5,2026-04-17 19:55:54
717,34,209,5.0,2026-05-01 19:55:54
718,34,212,5.0,2026-09-07 19:55:54
719,34,11,5.0,2026-09-03 19:55:54
720,34,37,3.5,2026-05-29 19:55:54
721,34,184,2.0,2026-07-28 19:55:54
722,34,85,4.0,2026-07-04 19:55:54
723,34,174,2.5,2026-08-23 19:55:54
724,34,16,3.0,2026-08-11 19:55:54
725,34,167,5.0,2026-07-11 19:55:54
726,34,155,1.5,2026-04-15 19:55:54
727,34,193,3.5,2026-05-10 19:55:54
728,35,13,2.5,2026-07-04 19:55:54
729,35,121,5.0,2026-07-27 19:55:54
730,35,158,1.5,2026-06-30 19:55:54
731,35,43,4.0,2026-09-04 19:55:54
732,35,166,5.0,2026-07-26 19:55:54
733,35,65,5.0,2026-06-18 19:55:54
734,35,100,2.0,2026-09-05 19:55:54
735,35,40,3.5,2026-08-24 19:55:54
736,35,209,5.0,2026-06-02 19:55:54
737,35,60,5.0,2026-08-18 19:55:54
738,35,183,4.5,2026-04-30 19:55:54
739,35,32,4.0,2026-06-02 19:55:54
740,35,220,3.5,2026-06-20 19:55:54
741,35,186,3.5,2026-07-29 19:55:54
742,35,90,1.5,2026-04-13 19:55:54
743,35,136,5.0,2026-05-12 19:55:54
744,36,83,5.0,2026-09-24 19:55:54
745,36,188,3.5,2026-09-10 19:55:54
746,36,33,5.0,2026-04-23 19:55:54
747,36,146,5.0,2026-05-13 19:55:54
748,36,218,5.0,2026-07-08 19:55:54
749,36,115,3.5,2026-08-07 19:55:54
750,36,169,4.5,2026-05-13 19:55:54
751,36,139,3.5,2026-06-04 19:55:54
752,36,63,4.5,2026-06-10 19:55:54
753,36,96,2.0,2026-10-03 19:55:54
754,36,3,4.5,2026-05-16 19:55:54
755,36,129,3.5,2026-09-22 19:55:54
756,36,32,3.0,2026-08-29 19:55:54
757,36,64,5.0,2026-09-06 19:55:54
758,36,136,2.0,2026-08-16 19:55:54
759,36,222,5.0,2026-08-09 19:55:54
760,36,202,2.0,2026-07-09 19:55:54
761,36,61,3.0,2026-09-22 19:55:54
762,36,21,5.0,2026-09-02 19:55:54
763,36,168,5.0,2026-06-08 19:55:54
764,36,163,5.0,2026-08-30 19:55:54
765,36,155,3.5,2026-05-21 19:55:54
766,36,178,5.0,2026-06-15 19:55:54
767,36,116,5.0,2026-05-26 19:55:54
768,37,221,4.0,2026-09-20 19:55:54
769,37,217,4.0,2026-07-27 19:55:54
770,37,136,4.0,2026-07-22 19:55:54
771,37,216,2.0,2026-09-18 19:55:54
772,37,58,4.5,2026-08-12 19:55:54
773,37,53,3.5,2026-07-04 19:55:54
774,37,184,3.5,2026-04-29 19:55:54
775,37,67,5.0,2026-08-07 19:55:54
776,37,79,3.5,2026-06-26 19:55:54
777,37,22,4.5,2026-04-09 19:55:54
778,37,120,3.0,2026-06-26 19:55:54
779,37,190,4.5,2026-05-15 19:55:54
780,37,206,4.5,2026-08-13 19:55:54
781,37,83,3.0,2026-08-07 19:55:54
782,37,155,4.5,2026-05-06 19:55:54
783,37,50,5.0,2026-08-14 19:55:54
784,37,101,4.0,2026-07-20 19:55:54
785,37,156,3.5,2026-08-17 19:55:54
786,37,86,5.0,2026-09-03 19:55:54
787,37,152,5.0,2026-07-24 19:55:54
788,37,40,4.0,2026-08-23 19:55:54
789,37,215,2.5,2026-10-02 19:55:54
790,37,107,4.0,2026-09-23 19:55:54
791,37,202,2.5,2026-05-04 19:55:54
792,37,160,5.0,2026-04-17 19:55:54
793,37,114,3.5,2026-05-16 19:55:54
794,37,175,4.5,2026-05-22 19:55:54
795,37,129,4.0,2026-05-23 19:55:54
796,38,29,4.5,2026-04-20 19:55:54
797,38,190,3.5,2026-09-12 19:55:54
798,38,75,4.0,2026-05-19 19:55:54
799,38,177,3.5,2026-08-11 19:55:54
800,38,119,4.0,2026-04-11 19:55:54
801,38,179,3.5,2026-08-12 19:55:54
802,38,215,5.0,2026-04-21 19:55:54
803,38,50,3.5,2026-04-11 19:55:54
804,38,143,3.0,2026-07-11 19:55:54
805,38,73,3.5,2026-09-20 19:55:54
806,38,131,4.5,2026-05-14 19:55:54
807,38,115,4.0,2026-07-29 19:55:54
808,38,160,3.0,2026-04-25 19:55:54
809,38,175,4.5,2026-09-29 19:55:54
810,38,101,1.5,2026-05-20 19:55:54
811,38,97,5.0,2026-09-17 19:55:54
812,38,110,5.0,2026-09-22 19:55:54
813,38,135,3.5,2026-07-04 19:55:54
814,38,44,1.5,2026-07-21 19:55:54
815,38,8,2.5,2026-05-01 19:55:54
816,38,76,5.0,2026-06-28 19:55:54
817,38,203,3.5,2026-06-04 19:55:54
818,39,76,4.0,2026-08-17 19:55:54
819,39,195,2.5,2026-08-15 19:55:54
820,39,45,3.5,2026-09-20 19:55:54
821,39,175,5.0,2026-06-07 19:55:54
822,39,108,3.5,2026-07-21 19:55:54
823,39,198,4.5,2026-09-08 19:55:54
824,39,126,3.5,2026-06-01 19:55:54
825,39,190,4.5,2026-09-01 19:55:54
826,39,197,2.0,2026-09-08 19:55:54
827,39,84,3.5,2026-08-15 19:55:54
828,39,161,5.0,2026-07-11 19:55:54
829,39,143,4.5,2026-04-09 19:55:54
830,39,3,3.5,2026-05-11 19:55:54
831,39,48,4.5,2026-06-16 19:55:54
832,39,47,4.5,2026-08-01 19:55:54
833,39,184,5.0,2026-07-25 19:55:54
834,39,187,4.0,2026-04-13 19:55:54
835,40,14,2.5,2026-09-23 19:55:54
836,40,4,5.0,2026-08-05 19:55:54
837,40,167,2.5,2026-08-05 19:55:54
838,40,221,2.0,2026-05-24 19:55:54
839,40,72,4.5,2026-06-26 19:55:54
840,40,153,5.0,2026-09-22 19:55:54
841,40,5,4.5,2026-09-07 19:55:54
842,40,87,3.5,2026-04-24 19:55:54
843,40,220,2.5,2026-05-08 19:55:54
844,40,121,4.0,2026-06-29 19:55:54
845,40,100,4.5,2026-05-06 19:55:54
846,40,163,3.5,2026-05-24 19:55:54
847,40,68,4.0,2026-05-24 19:55:54
848,40,164,4.5,2026-06-01 19:55:54
849,40,187,5.0,2026-10-02 19:55:54
850,40,148,4.0,2026-06-13 19:55:54
851,40,180,3.5,2026-05-25 19:55:54
852,40,95,4.0,2026-08-26 19:55:54
853,40,107,2.5,2026-05-02 19:55:54
854,40,28,3.5,2026-04-17 19:55:54
855,40,169,4.5,2026-09-04 19:55:54
856,40,34,5.0,2026-06-03 19:55:54
857,40,182,4.0,2026-04-21 19:55:54
858,40,50,3.5,2026-08-02 19:55:54
859,40,105,5.0,2026-05-05 19:55:54
860,40,224,3.5,2026-09-23 19:55:54
861,40,133,4.0,2026-09-19 19:55:54
862,40,27,4.0,2026-05-24 19:55:54
863,41,173,5.0,2026-06-18 19:55:54
864,41,143,3.5,2026-04-08 19:55:54
865,41,61,4.0,2026-06-02 19:55:54
866,41,27,3.0,2026-07-06 19:55:54
867,41,53,5.0,2026-09-08 19:55:54
868,41,144,2.5,2026-06-03 19:55:54
869,41,56,3.5,2026-07-23 19:55:54
870,41,130,3.5,2026-06-21 19:55:54
871,41,88,1.5,2026-10-02 19:55:54
872,41,158,3.5,2026-05-23 19:55:54
873,41,212,4.0,2026-04-10 19:55:54
874,41,181,5.0,2026-07-03 19:55:54
875,41,109,5.0,2026-04-20 19:55:54
876,41,8,4.5,2026-05-19 19:55:54
877,41,86,4.5,2026-04-30 19:55:54
878,41,147,3.0,2026-08-12 19:55:54
879,41,105,5.0,2026-06-02 19:55:54
880,41,177,3.5,2026-05-14 19:55:54
881,41,136,4.5,2026-05-09 19:55:54
882,41,180,5.0,2026-08-29 19:55:54
883,41,207,3.5,2026-08-06 19:55:54
884,41,33,4.0,2026-09-08 19:55:54
885,41,85,5.0,2026-07-09 19:55:54
886,42,38,2.0,2026-09-11 19:55:54
887,42,29,5.0,2026-07-05 19:55:54
888,42,2,5.0,2026-05-06 19:55:54
889,42,18,3.5,2026-09-16 19:55:54
890,42,142,5.0,2026-07-23 19:55:54
891,42,174,3.5,2026-05-07 19:55:54
892,42,28,4.5,2026-08-07 19:55:54
893,42,184,2.0,2026-06-09 19:55:54
894,42,116,3.5,2026-10-02 19:55:54
895,42,21,5.0,2026-05-27 19:55:54
896,42,126,3.5,2026-05-28 19:55:54
897,42,47,3.5,2026-05-25 19:55:54
898,42,196,5.0,2026-05-09 19:55:54
899,42,51,5.0,2026-06-29 19:55:54
900,42,225,4.0,2026-07-09 19:55:54
901,42,87,5.0,2026-04-12 19:55:54
902,42,76,5.0,2026-09-26 19:55:54
903,42,208,4.5,2026-09-16 19:55:54
904,42,222,4.0,2026-04-13 19:55:54
905,42,14,2.5,2026-06-20 19:55:54
906,42,156,5.0,2026-05-19 19:55:54
907,42,121,4.5,2026-08-01 19:55:54
908,42,109,3.0,2026-04-14 19:55:54
909,43,53,5.0,2026-07-15 19:55:54
910,43,184,5.0,2026-07-25 19:55:54
911,43,150,5.0,2026-07-24 19:55:54
912,43,175,5.0,2026-09-01 19:55:54
913,43,80,3.0,2026-06-03 19:55:54
914,43,32,3.5,2026-05-28 19:55:54
915,43,127,4.0,2026-06-08 19:55:54
916,43,69,3.5,2026-06-08 19:55:54
917,43,170,1.5,2026-09-30 19:55:54
918,43,220,5.0,2026-05-08 19:55:54
919,43,145,4.5,2026-04-30 19:55:54
920,43,216,4.0,2026-05-16 19:55:54
921,43,87,4.5,2026-06-05 19:55:54
922,43,71,4.5,2026-07-02 19:55:54
923,43,56,5.0,2026-08-11 19:55:54
924,43,81,2.5,2026-07-02 19:55:54
925,43,90,2.5,2026-06-10 19:55:54
926,43,59,4.0,2026-05-09 19:55:54
927,43,92,3.5,2026-07-26 19:55:54
928,44,165,2.5,2026-07-05 19:55:54
929,44,68,5.0,2026-06-01 19:55:54
930,44,168,5.0,2026-09-13 19:55:54
931,44,127,4.5,2026-06-07 19:55:54
932,44,101,2.0,2026-08-22 19:55:54
933,44,72,4.5,2026-06-18 19:55:54
934,44,178,5.0,2026-06-22 19:55:54
935,44,23,1.5,2026-09-13 19:55:54
936,44,146,4.0,2026-07-15 19:55:54
937,44,109,4.5,2026-07-27 19:55:54
938,44,63,5.0,2026-07-26 19:55:54
939,44,182,4.5,2026-05-06 19:55:54
940,44,42,3.0,2026-06-20 19:55:54
941,44,18,1.5,2026-09-01 19:55:54
942,44,155,4.5,2026-04-07 19:55:54
943,44,60,2.0,2026-08-22 19:55:54
944,44,50,3.5,2026-09-17 19:55:54
945,44,164,5.0,2026-05-16 19:55:54
946,44,62,5.0,2026-05-22 19:55:54
947,44,104,3.5,2026-09-07 19:55:54
948,44,138,4.0,2026-09-12 19:55:54
949,44,3,5.0,2026-07-16 19:55:54
950,45,180,3.5,2026-06-15 19:55:54
951,45,73,3.5,2026-08-05 19:55:54
952,45,164,5.0,2026-06-30 19:55:54
953,45,10,5.0,2026-06-14 19:55:54
954,45,208,2.0,2026-04-21 19:55:54
955,45,169,3.0,2026-08-08 19:55:54
956,45,217,5.0,2026-04-26 19:55:54
957,45,137,5.0,2026-04-09 19:55:54
958,45,56,4.5,2026-04-20 19:55:54
959,45,177,2.5,2026-06-20 19:55:54
960,45,210,1.5,2026-08-18 19:55:54
961,45,106,3.5,2026-04-23 19:55:54
962,45,109,5.0,2026-07-26 19:55:54
963,45,196,5.0,2026-08-16 19:55:54
964,45,222,2.0,2026-09-21 19:55:54
965,45,140,3.5,2026-08-17 19:55:54
966,45,220,4.5,2026-07-27 19:55:54
967,45,118,3.0,2026-10-01 19:55:54
968,45,129,4.0,2026-09-30 19:55:54
969,45,22,4.5,2026-06-18 19:55:54
970,45,50,5.0,2026-06-30 19:55:54
971,45,13,3.5,2026-07-11 19:55:54
972,45,190,4.0,2026-09-19 19:55:54
973,45,194,5.0,2026-09-15 19:55:54
974,45,176,4.0,2026-08-15 19:55:54
975,46,30,4.5,2026-05-07 19:55:54
976,46,216,4.0,2026-10-01 19:55:54
977,46,10,5.0,2026-04-10 19:55:54
978,46,37,5.0,2026-08-25 19:55:54
979,46,143,1.5,2026-08-01 19:55:54
980,46,88,1.5,2026-04-11 19:55:54
981,46,150,3.5,2026-09-18 19:55:54
982,46,72,4.0,2026-04-07 19:55:54
983,46,124,3.5,2026-09-01 19:55:54
984,46,93,2.5,2026-05-14 19:55:54
985,46,200,2.5,2026-06-13 19:55:54
986,46,109,1.5,2026-04-10 19:55:54
987,46,172,4.0,2026-07-31 19:55:54
988,46,68,5.0,2026-06-13 19:55:54
989,46,125,5.0,2026-04-08 19:55:54
990,46,83,5.0,2026-08-17 19:55:54
991,46,4,4.5,2026-06-06 19:55:54
992,46,146,5.0,2026-05-15 19:55:54
993,47,109,3.0,2026-08-15 19:55:54
994,47,76,5.0,2026-04-22 19:55:54
995,47,191,5.0,2026-05-22 19:55:54
996,47,183,5.0,2026-07-30 19:55:54
997,47,136,4.0,2026-05-01 19:55:54
998,47,121,3.5,2026-08-11 19:55:54
999,47,48,3.5,2026-06-06 19:55:54
1000,47,81,1.5,2026-07-03 19:55:54
1001,47,19,5.0,2026-07-01 19:55:54
1002,47,189,1.5,2026-04-29 19:55:54
1003,47,120,3.5,2026-09-15 19:55:54
1004,47,53,3.5,2026-08-09 19:55:54
1005,47,161,3.5,2026-09-08 19:55:54
1006,47,17,3.5,2026-06-27 19:55:54
1007,47,143,5.0,2026-04-18 19:55:54
1008,47,186,4.0,2026-05-14 19:55:54
1009,47,65,5.0,2026-09-06 19:55:54
1010,47,124,3.5,2026-07-04 19:55:54
1011,47,22,5.0,2026-09-07 19:55:54
1012,47,219,2.0,2026-05-16 19:55:54
1013,47,93,4.5,2026-04-18 19:55:54
1014,47,104,5.0,2026-06-12 19:55:54
1015,48,148,3.5,2026-07-12 19:55:54
1016,48,126,2.0,2026-06-01 19:55:54
1017,48,183,5.0,2026-09-09 19:55:54
1018,48,122,4.5,2026-09-24 19:55:54
1019,48,53,3.5,2026-06-28 19:55:54
1020,48,6,1.5,2026-07-10 19:55:54
1021,48,127,5.0,2026-06-19 19:55:54
1022,48,210,1.5,2026-08-06 19:55:54
1023,48,164,5.0,2026-10-01 19:55:54
1024,48,88,5.0,2026-09-20 19:55:54
1025,48,15,3.5,2026-07-14 19:55:54
1026,48,222,4.0,2026-07-12 19:55:54
1027,48,110,4.0,2026-08-25 19:55:54
1028,48,146,5.0,2026-06-11 19:55:54
1029,48,125,3.5,2026-05-27 19:55:54
1030,48,187,5.0,2026-07-21 19:55:54
1031,48,124,4.0,2026-08-31 19:55:54
1032,48,133,5.0,2026-05-10 19:55:54
1033,48,2,5.0,2026-06-23 19:55:54
1034,48,118,3.0,2026-05-28 19:55:54
1035,48,180,4.0,2026-08-30 19:55:54
1036,48,130,4.0,2026-06-01 19:55:54
1037,48,195,5.0,2026-08-14 19:55:54
1038,48,9,3.5,2026-08-01 19:55:54
1039,48,109,4.5,2026-06-15 19:55:54
1040,48,77,5.0,2026-09-11 19:55:54
1041,48,219,5.0,2026-06-17 19:55:54
1042,48,80,4.0,2026-07-13 19:55:54
1043,49,137,3.5,2026-06-06 19:55:54
1044,49,53,3.5,2026-09-16 19:55:54
1045,49,164,4.5,2026-04-17 19:55:54
1046,49,116,2.5,2026-09-06 19:55:54
1047,49,41,5.0,2026-08-05 19:55:54
1048,49,123,5.0,2026-09-08 19:55:54
1049,49,5,3.0,2026-05-04 19:55:54
1050,49,33,4.0,2026-08-14 19:55:54
1051,49,44,5.0,2026-05-13 19:55:54
1052,49,130,1.5,2026-09-23 19:55:54
1053,49,56,5.0,2026-07-17 19:55:54
1054,49,54,5.0,2026-08-24 19:55:54
1055,49,65,4.5,2026-07-05 19:55:54
1056,49,14,4.0,2026-05-28 19:55:54
1057,49,45,1.5,2026-04-26 19:55:54
1058,49,93,5.0,2026-09-26 19:55:54
1059,49,62,2.5,2026-08-07 19:55:54
1060,49,111,3.0,2026-04-18 19:55:54
1061,49,220,5.0,2026-05-23 19:55:54
1062,49,207,5.0,2026-04-26 19:55:54
1063,49,145,5.0,2026-08-03 19:55:54
1064,49,10,5.0,2026-07-16 19:55:54
1065,49,221,4.5,2026-06-11 19:55:54
1066,49,194,4.0,2026-04-19 19:55:54
1067,50,105,5.0,2026-08-30 19:55:54
1068,50,141,5.0,2026-06-05 19:55:54
1069,50,176,4.5,2026-08-17 19:55:54
1070,50,50,5.0,2026-06-04 19:55:54
1071,50,173,4.0,2026-08-07 19:55:54
1072,50,93,1.5,2026-07-26 19:55:54
1073,50,56,2.0,2026-04-15 19:55:54
1074,50,103,4.0,2026-09-17 19:55:54
1075,50,44,3.0,2026-04-29 19:55:54
1076,50,185,4.5,2026-06-08 19:55:54
1077,50,53,3.0,2026-06-22 19:55:54
1078,50,222,5.0,2026-06-28 19:55:54
1079,50,12,3.0,2026-04-30 19:55:54
1080,50,43,5.0,2026-05-04 19:55:54
1081,50,69,3.5,2026-05-23 19:55:54
1082,50,42,5.0,2026-09-23 19:55:54
1083,50,223,4.0,2026-05-24 19:55:54
1084,50,47,3.5,2026-05-14 19:55:54
1085,50,182,3.5,2026-08-16 19:55:54
1086,50,213,5.0,2026-07-18 19:55:54
1087,50,200,2.5,2026-06-07 19:55:54
1088,50,23,4.5,2026-04-30 19:55:54
1089,51,153,5.0,2026-04-18 19:55:54
1090,51,186,4.0,2026-08-27 19:55:54
1091,51,210,1.5,2026-06-18 19:55:54
1092,51,138,5.0,2026-07-22 19:55:54
1093,51,136,3.5,2026-08-31 19:55:54
1094,51,196,3.5,2026-04-27 19:55:54
1095,51,143,3.5,2026-06-08 19:55:54
1096,51,47,5.0,2026-05-17 19:55:54
1097,51,156,3.5,2026-05-30 19:55:54
1098,51,155,3.5,2026-04-18 19:55:54
1099,51,209,5.0,2026-06-12 19:55:54
1100,51,140,3.5,2026-10-02 19:55:54
1101,51,109,3.5,2026-07-24 19:55:54
1102,51,40,5.0,2026-08-11 19:55:54
1103,51,53,4.0,2026-09-19 19:55:54
1104,51,108,3.5,2026-08-27 19:55:54
1105,51,7,3.5,2026-05-02 19:55:54
1106,51,121,3.5,2026-09-21 19:55:54
1107,51,166,4.0,2026-08-23 19:55:54
1108,51,44,5.0,2026-04-17 19:55:54
1109,51,183,5.0,2026-05-10 19:55:54
1110,51,48,4.0,2026-06-09 19:55:54
1111,51,176,4.5,2026-09-24 19:55:54
1112,51,120,4.5,2026-07-13 19:55:54
1113,51,62,3.0,2026-09-16 19:55:54
1114,52,24,4.5,2026-07-30 19:55:54
1115,52,50,4.5,2026-07-19 19:55:54
1116,52,34,4.5,2026-10-02 19:55:54
1117,52,74,4.5,2026-07-08 19:55:54
1118,52,212,3.5,2026-04-29 19:55:54
1119,52,103,4.0,2026-08-15 19:55:54
1120,52,211,2.5,2026-04-14 19:55:54
1121,52,180,5.0,2026-09-24 19:55:54
1122,52,102,5.0,2026-08-25 19:55:54
1123,52,107,3.5,2026-07-10 19:55:54
1124,52,30,5.0,2026-09-19 19:55:54
1125,52,26,4.5,2026-05-12 19:55:54
1126,52,188,4.5,2026-05-14 19:55:54
1127,52,199,4.0,2026-05-09 19:55:54
1128,52,204,2.5,2026-09-17 19:55:54
1129,52,163,4.5,2026-09-26 19:55:54
1130,52,155,5.0,2026-04-26 19:55:54
1131,52,187,4.0,2026-05-10 19:55:54
1132,52,100,4.0,2026-05-04 19:55:54
1133,52,133,4.5,2026-07-15 19:55:54
1134,52,114,4.5,2026-06-20 19:55:54
1135,52,145,4.0,2026-06-30 19:55:54
1136,52,39,4.5,2026-08-09 19:55:54
1137,52,52,2.0,2026-09-05 19:55:54
1138,52,195,3.5,2026-08-13 19:55:54
1139,52,135,3.0,2026-05-27 19:55:54
1140,52,150,3.0,2026-05-28 19:55:54
1141,53,50,4.5,2026-08-26 19:55:54
1142,53,118,1.5,2026-09-30 19:55:54
1143,53,194,5.0,2026-05-25 19:55:54
1144,53,152,5.0,2026-07-06 19:55:54
1145,53,67,4.5,2026-08-28 19:55:54
1146,53,123,4.5,2026-05-10 19:55:54
1147,53,182,1.5,2026-07-16 19:55:54
1148,53,3,4.5,2026-05-18 19:55:54
1149,53,39,4.0,2026-09-26 19:55:54
1150,53,126,1.5,2026-09-06 19:55:54
1151,53,175,3.5,2026-06-16 19:55:54
1152,53,53,5.0,2026-05-05 19:55:54
1153,53,41,5.0,2026-04-29 19:55:54
1154,53,19,2.5,2026-08-14 19:55:54
1155,53,181,5.0,2026-09-13 19:55:54
1156,53,13,5.0,2026-05-11 19:55:54
1157,53,34,3.0,2026-09-09 19:55:54
1158,53,129,5.0,2026-06-05 19:55:54
1159,53,196,4.0,2026-08-28 19:55:54
1160,54,110,5.0,2026-05-11 19:55:54
1161,54,120,5.0,2026-04-09 19:55:54
1162,54,216,3.5,2026-05-10 19:55:54
1163,54,149,3.5,2026-05-05 19:55:54
1164,54,86,4.5,2026-05-14 19:55:54
1165,54,45,3.0,2026-08-19 19:55:54
1166,54,174,3.0,2026-09-16 19:55:54
1167,54,101,3.5,2026-06-28 19:55:54
1168,54,162,3.5,2026-09-10 19:55:54
1169,54,157,4.0,2026-05-08 19:55:54
1170,54,115,3.5,2026-08-27 19:55:54
1171,54,161,3.0,2026-05-20 19:55:54
1172,54,151,5.0,2026-05-09 19:55:54
1173,54,54,4.0,2026-04-12 19:55:54
1174,54,108,4.5,2026-05-11 19:55:54
1175,54,158,4.5,2026-06-14 19:55:54
1176,54,9,4.5,2026-09-11 19:55:54
1177,54,128,5.0,2026-05-26 19:55:54
1178,54,74,2.0,2026-07-20 19:55:54
1179,54,21,5.0,2026-09-20 19:55:54
1180,54,152,3.5,2026-07-04 19:55:54
1181,54,34,4.5,2026-09-26 19:55:54
1182,54,60,5.0,2026-06-25 19:55:54
1183,55,108,5.0,2026-07-27 19:55:54
1184,55,47,5.0,2026-05-09 19:55:54
1185,55,145,3.5,2026-05-11 19:55:54
1186,55,56,4.5,2026-09-05 19:55:54
1187,55,104,3.5,2026-08-28 19:55:54
1188,55,3,3.5,2026-07-24 19:55:54
1189,55,220,3.5,2026-05-23 19:55:54
1190,55,167,1.5,2026-08-02 19:55:54
1191,55,118,3.5,2026-04-11 19:55:54
1192,55,76,5.0,2026-07-16 19:55:54
1193,55,206,4.5,2026-05-20 19:55:54
1194,55,53,5.0,2026-06-09 19:55:54
1195,55,48,5.0,2026-05-10 19:55:54
1196,55,174,5.0,2026-07-05 19:55:54
1197,55,127,4.5,2026-07-21 19:55:54
1198,55,38,3.5,2026-07-18 19:55:54
1199,55,59,5.0,2026-07-29 19:55:54
1200,55,41,3.0,2026-05-08 19:55:54
1201,55,111,3.5,2026-04-18 19:55:54
1202,55,45,3.5,2026-09-27 19:55:54
1203,55,5,1.5,2026-09-01 19:55:54
1204,55,225,4.5,2026-07-31 19:55:54
1205,55,143,4.5,2026-07-25 19:55:54
1206,55,93,3.5,2026-09-05 19:55:54
1207,55,20,3.5,2026-08-26 19:55:54
1208,56,94,3.5,2026-06-14 19:55:54
1209,56,68,5.0,2026-06-28 19:55:54
1210,56,181,3.5,2026-04-12 19:55:54
1211,56,63,3.5,2026-05-20 19:55:54
1212,56,133,5.0,2026-04-30 19:55:54
1213,56,180,4.5,2026-07-10 19:55:54
1214,56,62,3.5,2026-07-30 19:55:54
1215,56,61,3.0,2026-06-07 19:55:54
1216,56,86,2.0,2026-04-14 19:55:54
1217,56,168,4.0,2026-05-23 19:55:54
1218,56,69,4.0,2026-07-15 19:55:54
1219,56,129,3.5,2026-09-16 19:55:54
1220,56,15,3.5,2026-05-22 19:55:54
1221,56,115,5.0,2026-07-06 19:55:54
1222,56,80,4.5,2026-07-31 19:55:54
1223,56,143,1.5,2026-04-28 19:55:54
1224,56,164,5.0,2026-04-18 19:55:54
1225,56,28,4.0,2026-05-03 19:55:54
1226,56,95,3.5,2026-09-11 19:55:54
1227,57,61,4.0,2026-04-21 19:55:54
1228,57,161,4.0,2026-05-18 19:55:54
1229,57,176,4.0,2026-04-29 19:55:54
1230,57,107,5.0,2026-07-29 19:55:54
1231,57,175,3.5,2026-09-15 19:55:54
1232,57,41,4.5,2026-06-11 19:55:54
1233,57,207,5.0,2026-08-26 19:55:54
1234,57,29,1.5,2026-09-24 19:55:54
1235,57,217,4.5,2026-08-26 19:55:54
1236,57,96,3.0,2026-05-09 19:55:54
1237,57,102,5.0,2026-06-03 19:55:54
1238,57,69,1.5,2026-05-18 19:55:54
1239,57,117,5.0,2026-04-10 19:55:54
1240,57,150,5.0,2026-09-02 19:55:54
1241,57,122,2.5,2026-07-10 19:55:54
1242,57,28,5.0,2026-09-19 19:55:54
1243,58,13,5.0,2026-09-03 19:55:54
1244,58,113,5.0,2026-06-08 19:55:54
1245,58,206,3.5,2026-08-26 19:55:54
1246,58,150,4.0,2026-09-15 19:55:54
1247,58,176,4.0,2026-05-31 19:55:54
1248,58,187,3.0,2026-04-28 19:55:54
1249,58,41,2.0,2026-09-30 19:55:54
1250,58,59,3.5,2026-07-17 19:55:54
1251,58,215,3.5,2026-06-09 19:55:54
1252,58,126,5.0,2026-09-17 19:55:54
1253,58,145,1.5,2026-09-04 19:55:54
1254,58,181,5.0,2026-08-08 19:55:54
1255,58,69,4.0,2026-06-16 19:55:54
1256,58,225,5.0,2026-07-12 19:55:54
1257,58,101,3.5,2026-05-17 19:55:54
1258,58,125,4.0,2026-09-22 19:55:54
1259,58,99,4.5,2026-09-17 19:55:54
1260,58,211,4.0,2026-06-19 19:55:54
1261,58,29,4.5,2026-05-15 19:55:54
1262,58,38,2.0,2026-05-08 19:55:54
1263,58,120,3.5,2026-04-25 19:55:54
1264,58,26,4.0,2026-09-29 19:55:54
1265,58,96,3.5,2026-10-02 19:55:54
1266,58,63,3.5,2026-04-20 19:55:54
1267,59,47,5.0,2026-05-27 19:55:54
1268,59,140,2.0,2026-07-25 19:55:54
1269,59,190,3.5,2026-08-26 19:55:54
1270,59,138,5.0,2026-05-29 19:55:54
1271,59,71,3.5,2026-09-20 19:55:54
1272,59,59,4.5,2026-08-11 19:55:54
1273,59,155,2.5,2026-04-29 19:55:54
1274,59,187,5.0,2026-09-22 19:55:54
1275,59,111,3.5,2026-05-19 19:55:54
1276,59,224,3.5,2026-06-01 19:55:54
1277,59,58,1.5,2026-08-04 19:55:54
1278,59,186,5.0,2026-05-08 19:55:54
1279,59,161,4.0,2026-04-13 19:55:54
1280,59,217,2.0,2026-09-05 19:55:54
1281,59,48,3.5,2026-08-04 19:55:54
1282,59,81,2.0,2026-06-29 19:55:54
1283,59,127,3.5,2026-06-05 19:55:54
1284,59,176,3.5,2026-06-14 19:55:54
1285,60,124,5.0,2026-04-08 19:55:54
1286,60,72,5.0,2026-05-30 19:55:54
1287,60,149,5.0,2026-09-30 19:55:54
1288,60,74,5.0,2026-08-09 19:55:54
1289,60,114,4.5,2026-08-03 19:55:54
1290,60,65,1.5,2026-09-29 19:55:54
1291,60,208,4.5,2026-08-23 19:55:54
1292,60,38,5.0,2026-05-07 19:55:54
1293,60,142,3.0,2026-06-07 19:55:54
1294,60,92,3.0,2026-08-17 19:55:54
1295,60,45,4.5,2026-04-26 19:55:54
1296,60,129,3.5,2026-04-26 19:55:54
1297,60,97,4.5,2026-05-21 19:55:54
1298,60,90,3.0,2026-07-26 19:55:54
1299,60,50,5.0,2026-05-18 19:55:54
1300,60,59,2.0,2026-04-11 19:55:54
1301,60,70,4.5,2026-09-19 19:55:54
1302,60,224,2.5,2026-09-20 19:55:54
1303,60,217,4.5,2026-06-06 19:55:54
1304,60,121,4.5,2026-07-02 19:55:54
1305,60,24,5.0,2026-09-16 19:55:54
1306,60,123,2.0,2026-08-29 19:55:54
1307,60,153,4.0,2026-05-18 19:55:54
1308,60,222,5.0,2026-05-08 19:55:54
1309,60,100,4.0,2026-08-07 19:55:54
1310,60,215,4.5,2026-05-28 19:55:54
1311,60,15,4.5,2026-09-20 19:55:54
1312,60,68,4.5,2026-06-10 19:55:54
1313,61,70,3.0,2026-05-08 19:55:54
1314,61,53,4.5,2026-06-01 19:55:54
1315,61,217,5.0,2026-05-16 19:55:54
1316,61,45,2.5,2026-05-11 19:55:54
1317,61,62,2.5,2026-08-21 19:55:54
1318,61,180,4.0,2026-06-02 19:55:54
1319,61,155,4.5,2026-09-21 19:55:54
1320,61,43,2.5,2026-06-09 19:55:54
1321,61,33,5.0,2026-08-23 19:55:54
1322,61,104,2.5,2026-08-18 19:55:54
1323,61,173,4.0,2026-08-23 19:55:54
1324,61,22,3.5,2026-07-14 19:55:54
1325,61,200,5.0,2026-07-29 19:55:54
1326,61,63,4.0,2026-05-13 19:55:54
1327,61,36,4.5,2026-07-07 19:55:54
1328,61,58,5.0,2026-05-18 19:55:54
1329,61,175,5.0,2026-07-18 19:55:54
1330,61,44,3.5,2026-06-22 19:55:54
1331,61,30,2.0,2026-06-08 19:55:54
1332,61,145,4.0,2026-10-02 19:55:54
1333,61,117,5.0,2026-05-27 19:55:54
1334,61,181,4.5,2026-06-04 19:55:54
1335,62,43,3.5,2026-07-23 19:55:54
1336,62,146,4.5,2026-06-11 19:55:54
1337,62,35,3.5,2026-08-09 19:55:54
1338,62,174,3.0,2026-06-19 19:55:54
1339,62,38,2.5,2026-08-23 19:55:54
1340,62,216,5.0,2026-06-19 19:55:54
1341,62,58,3.5,2026-05-03 19:55:54
1342,62,7,4.0,2026-07-18 19:55:54
1343,62,101,3.5,2026-07-10 19:55:54
1344,62,93,3.5,2026-06-29 19:55:54
1345,62,219,5.0,2026-04-23 19:55:54
1346,62,13,5.0,2026-08-20 19:55:54
1347,62,112,5.0,2026-08-29 19:55:54
1348,62,16,3.0,2026-07-21 19:55:54
1349,62,185,3.5,2026-07-18 19:55:54
1350,62,181,4.5,2026-05-30 19:55:54
1351,62,136,3.0,2026-08-07 19:55:54
1352,62,102,3.5,2026-08-25 19:55:54
1353,62,203,5.0,2026-09-02 19:55:54
1354,62,47,4.5,2026-06-19 19:55:54
1355,62,188,4.0,2026-09-26 19:55:54
1356,62,223,4.5,2026-05-30 19:55:54
1357,62,158,3.5,2026-05-03 19:55:54
1358,62,34,5.0,2026-06-02 19:55:54
1359,62,130,4.5,2026-04-26 19:55:54
1360,62,76,3.5,2026-06-30 19:55:54
1361,63,216,4.5,2026-06-01 19:55:54
1362,63,99,2.0,2026-09-07 19:55:54
1363,63,65,5.0,2026-08-08 19:55:54
1364,63,87,5.0,2026-04-29 19:55:54
1365,63,22,5.0,2026-05-20 19:55:54
1366,63,121,3.5,2026-06-19 19:55:54
1367,63,178,1.5,2026-09-04 19:55:54
1368,63,176,3.5,2026-06-03 19:55:54
1369,63,198,4.5,2026-08-29 19:55:54
1370,63,13,3.5,2026-05-23 19:55:54
1371,63,92,4.5,2026-08-20 19:55:54
1372,63,153,3.5,2026-09-03 19:55:54
1373,63,93,4.0,2026-04-10 19:55:54
1374,63,71,4.0,2026-08-11 19:55:54
1375,63,209,3.5,2026-06-17 19:55:54
1376,63,111,3.5,2026-09-14 19:55:54
1377,63,47,5.0,2026-06-15 19:55:54
1378,63,122,1.5,2026-09-25 19:55:54
1379,63,21,3.5,2026-05-05 19:55:54
1380,63,51,3.5,2026-07-31 19:55:54
1381,63,29,4.5,2026-04-16 19:55:54
1382,63,182,1.5,2026-09-02 19:55:54
1383,63,48,4.0,2026-05-06 19:55:54
1384,64,80,5.0,2026-04-14 19:55:54
1385,64,169,4.0,2026-07-05 19:55:54
1386,64,213,3.0,2026-08-10 19:55:54
1387,64,8,3.0,2026-09-05 19:55:54
1388,64,121,4.5,2026-09-02 19:55:54
1389,64,199,5.0,2026-08-30 19:55:54
1390,64,29,2.5,2026-07-22 19:55:54
1391,64,42,1.5,2026-09-12 19:55:54
1392,64,5,3.5,2026-06-27 19:55:54
1393,64,116,5.0,2026-07-16 19:55:54
1394,64,64,5.0,2026-08-07 19:55:54
1395,64,30,4.5,2026-06-16 19:55:54
1396,64,100,3.5,2026-06-04 19:55:54
1397,64,62,4.5,2026-08-19 19:55:54
1398,64,197,5.0,2026-04-14 19:55:54
1399,64,225,5.0,2026-05-23 19:55:54
1400,65,44,4.0,2026-06-09 19:55:54
1401,65,89,2.5,2026-05-31 19:55:54
1402,65,53,4.0,2026-09-26 19:55:54
1403,65,56,3.5,2026-09-16 19:55:54
1404,65,65,3.5,2026-08-19 19:55:54
1405,65,156,4.5,2026-08-25 19:55:54
1406,65,155,5.0,2026-09-09 19:55:54
1407,65,22,5.0,2026-05-30 19:55:54
1408,65,48,2.0,2026-07-20 19:55:54
1409,65,200,5.0,2026-05-27 19:55:54
1410,65,136,4.5,2026-05-18 19:55:54
1411,65,166,1.5,2026-06-15 19:55:54
1412,65,40,3.5,2026-06-27 19:55:54
1413,65,143,5.0,2026-06-12 19:55:54
1414,65,154,1.5,2026-08-19 19:55:54
1415,66,157,4.0,2026-08-01 19:55:54
1416,66,222,4.5,2026-05-05 19:55:54
1417,66,162,3.5,2026-07-17 19:55:54
1418,66,34,4.0,2026-09-28 19:55:54
1419,66,178,3.5,2026-06-08 19:55:54
1420,66,163,5.0,2026-05-11 19:55:54
1421,66,141,5.0,2026-07-27 19:55:54
1422,66,109,3.0,2026-05-06 19:55:54
1423,66,126,4.5,2026-06-29 19:55:54
1424,66,103,4.5,2026-05-10 19:55:54
1425,66,116,3.0,2026-09-08 19:55:54
1426,66,152,2.0,2026-07-09 19:55:54
1427,66,67,2.5,2026-08-22 19:55:54
1428,66,188,4.5,2026-06-14 19:55:54
1429,66,181,3.5,2026-05-19 19:55:54
1430,66,156,4.5,2026-09-21 19:55:54
1431,66,145,3.5,2026-06-23 19:55:54
1432,66,42,5.0,2026-09-10 19:55:54
1433,66,169,3.5,2026-09-09 19:55:54
1434,66,183,4.5,2026-09-16 19:55:54
1435,66,100,5.0,2026-06-04 19:55:54
1436,66,52,4.5,2026-09-14 19:55:54
1437,66,218,4.5,2026-05-27 19:55:54
1438,66,186,5.0,2026-04-17 19:55:54
1439,66,214,4.0,2026-06-19 19:55:54
1440,66,16,3.5,2026-05-25 19:55:54
1441,66,50,5.0,2026-08-18 19:55:54
1442,67,160,4.0,2026-07-16 19:55:54
1443,67,69,3.5,2026-06-14 19:55:54
1444,67,191,3.5,2026-08-13 19:55:54
1445,67,134,4.0,2026-09-26 19:55:54
1446,67,177,4.5,2026-04-18 19:55:54
1447,67,138,3.5,2026-06-01 19:55:54
1448,67,46,1.5,2026-09-12 19:55:54
1449,67,53,4.5,2026-09-17 19:55:54
1450,67,71,5.0,2026-07-02 19:55:54
1451,67,214,3.5,2026-06-24 19:55:54
1452,67,187,4.0,2026-08-04 19:55:54
1453,67,161,5.0,2026-09-03 19:55:54
1454,67,158,3.5,2026-05-22 19:55:54
1455,67,118,3.5,2026-08-04 19:55:54
1456,67,16,2.5,2026-07-11 19:55:54
1457,67,59,5.0,2026-08-04 19:55:54
1458,67,205,4.0,2026-08-28 19:55:54
1459,67,121,4.0,2026-07-25 19:55:54
1460,67,180,2.5,2026-05-06 19:55:54
1461,67,143,5.0,2026-06-30 19:55:54
1462,67,184,3.5,2026-07-14 19:55:54
1463,67,124,3.0,2026-04-12 19:55:54
1464,67,150,4.5,2026-08-27 19:55:54
1465,67,174,4.5,2026-07-17 19:55:54
1466,68,88,3.5,2026-06-23 19:55:54
1467,68,147,4.5,2026-07-15 19:55:54
1468,68,181,1.5,2026-08-24 19:55:54
1469,68,188,4.0,2026-05-04 19:55:54
1470,68,15,4.5,2026-06-10 19:55:54
1471,68,86,2.0,2026-07-29 19:55:54
1472,68,63,5.0,2026-07-12 19:55:54
1473,68,215,4.0,2026-09-12 19:55:54
1474,68,105,4.0,2026-06-25 19:55:54
1475,68,3,5.0,2026-08-07 19:55:54
1476,68,104,3.5,2026-05-14 19:55:54
1477,68,218,4.0,2026-09-11 19:55:54
1478,68,39,4.0,2026-07-28 19:55:54
1479,68,129,4.0,2026-09-21 19:55:54
1480,68,30,5.0,2026-05-03 19:55:54
1481,68,13,1.5,2026-07-01 19:55:54
1482,68,217,5.0,2026-09-03 19:55:54
1483,68,122,5.0,2026-06-14 19:55:54
1484,68,187,5.0,2026-04-14 19:55:54
1485,68,80,4.0,2026-08-12 19:55:54
1486,68,60,2.5,2026-07-22 19:55:54
1487,68,182,5.0,2026-08-31 19:55:54
1488,68,208,4.0,2026-05-03 19:55:54
1489,68,170,2.5,2026-04-13 19:55:54
1490,68,130,4.0,2026-06-21 19:55:54
1491,68,135,1.5,2026-07-21 19:55:54
1492,68,21,4.0,2026-04-28 19:55:54
1493,68,113,2.0,2026-07-01 19:55:54
1494,69,155,3.5,2026-07-15 19:55:54
1495,69,2,2.0,2026-05-29 19:55:54
1496,69,175,4.5,2026-07-03 19:55:54
1497,69,180,4.5,2026-07-28 19:55:54
1498,69,10,4.5,2026-05-24 19:55:54
1499,69,102,4.0,2026-07-15 19:55:54
1500,69,19,3.0,2026-08-26 19:55:54
1501,69,176,5.0,2026-09-20 19:55:54
1502,69,20,3.5,2026-08-06 19:55:54
1503,69,198,3.0,2026-07-29 19:55:54
1504,69,56,5.0,2026-06-14 19:55:54
1505,69,85,5.0,2026-09-23 19:55:54
1506,69,152,5.0,2026-06-01 19:55:54
1507,69,6,3.5,2026-08-27 19:55:54
1508,69,183,1.5,2026-08-12 19:55:54
1509,69,129,4.0,2026-08-21 19:55:54
1510,69,33,4.5,2026-05-12 19:55:54
1511,69,44,5.0,2026-08-10 19:55:54
1512,69,52,3.5,2026-05-22 19:55:54
1513,69,28,4.0,2026-06-19 19:55:54
1514,69,95,2.0,2026-05-29 19:55:54
1515,69,161,4.5,2026-09-27 19:55:54
1516,69,39,3.5,2026-06-25 19:55:54
1517,69,134,1.5,2026-07-13 19:55:54
1518,70,15,4.0,2026-08-03 19:55:54
1519,70,161,3.0,2026-09-11 19:55:54
1520,70,2,4.0,2026-08-23 19:55:54
1521,70,110,5.0,2026-07-23 19:55:54
1522,70,93,2.0,2026-09-03 19:55:54
1523,70,195,5.0,2026-07-16 19:55:54
1524,70,184,3.5,2026-08-31 19:55:54
1525,70,214,3.5,2026-07-01 19:55:54
1526,70,136,3.0,2026-06-11 19:55:54
1527,70,89,5.0,2026-07-27 19:55:54
1528,70,205,5.0,2026-09-10 19:55:54
1529,70,213,4.5,2026-04-29 19:55:54
1530,70,150,5.0,2026-09-10 19:55:54
1531,70,149,4.5,2026-06-07 19:55:54
1532,70,158,4.0,2026-05-30 19:55:54
1533,71,33,2.5,2026-07-15 19:55:54
1534,71,224,5.0,2026-04-15 19:55:54
1535,71,118,4.5,2026-07-08 19:55:54
1536,71,47,4.0,2026-08-10 19:55:54
1537,71,21,3.5,2026-07-29 19:55:54
1538,71,195,1.5,2026-06-14 19:55:54
1539,71,190,3.5,2026-06-24 19:55:54
1540,71,76,4.0,2026-04-19 19:55:54
1541,71,127,5.0,2026-04-18 19:55:54
1542,71,12,3.5,2026-06-01 19:55:54
1543,71,138,5.0,2026-07-03 19:55:54
1544,71,214,5.0,2026-07-18 19:55:54
1545,71,198,4.0,2026-09-30 19:55:54
1546,71,40,3.5,2026-04-08 19:55:54
1547,71,48,3.5,2026-08-11 19:55:54
1548,71,150,4.0,2026-04-20 19:55:54
1549,71,175,5.0,2026-08-16 19:55:54
1550,71,84,5.0,2026-08-27 19:55:54
1551,71,13,1.5,2026-09-04 19:55:54
1552,71,225,4.0,2026-04-07 19:55:54
1553,71,121,5.0,2026-06-05 19:55:54
1554,71,178,3.0,2026-05-07 19:55:54
1555,71,61,4.5,2026-05-11 19:55:54
1556,71,220,5.0,2026-09-20 19:55:54
1557,72,103,5.0,2026-04-08 19:55:54
1558,72,138,4.0,2026-07-22 19:55:54
1559,72,200,3.0,2026-07-07 19:55:54
1560,72,93,3.5,2026-08-08 19:55:54
1561,72,209,2.5,2026-05-02 19:55:54
1562,72,168,5.0,2026-08-31 19:55:54
1563,72,132,5.0,2026-06-19 19:55:54
1564,72,199,4.5,2026-06-05 19:55:54
1565,72,146,4.0,2026-04-27 19:55:54
1566,72,23,1.5,2026-04-16 19:55:54
1567,72,208,4.0,2026-08-13 19:55:54
1568,72,164,5.0,2026-09-08 19:55:54
1569,72,187,5.0,2026-07-18 19:55:54
1570,72,219,5.0,2026-09-21 19:55:54
1571,72,15,4.5,2026-07-29 19:55:54
1572,73,184,5.0,2026-09-23 19:55:54
1573,73,162,4.0,2026-04-25 19:55:54
1574,73,134,2.0,2026-07-03 19:55:54
1575,73,136,4.5,2026-06-12 19:55:54
1576,73,130,3.0,2026-09-08 19:55:54
1577,73,22,4.5,2026-07-10 19:55:54
1578,73,41,3.5,2026-08-13 19:55:54
1579,73,93,5.0,2026-10-02 19:55:54
1580,73,58,5.0,2026-07-08 19:55:54
1581,73,190,4.0,2026-09-12 19:55:54
1582,73,86,5.0,2026-07-03 19:55:54
1583,73,218,2.0,2026-08-26 19:55:54
1584,73,105,5.0,2026-06-18 19:55:54
1585,73,13,4.0,2026-06-16 19:55:54
1586,73,19,3.0,2026-06-08 19:55:54
1587,73,44,5.0,2026-04-12 19:55:54
1588,74,116,2.5,2026-10-01 19:55:54
1589,74,47,5.0,2026-04-30 19:55:54
1590,74,27,5.0,2026-06-11 19:55:54
1591,74,16,3.5,2026-04-27 19:55:54
1592,74,104,5.0,2026-04-08 19:55:54
1593,74,112,5.0,2026-08-14 19:55:54
1594,74,171,3.5,2026-09-24 19:55:54
1595,74,23,5.0,2026-09-01 19:55:54
1596,74,130,5.0,2026-07-23 19:55:54
1597,74,146,5.0,2026-05-15 19:55:54
1598,74,52,4.5,2026-04-24 19:55:54
1599,74,3,3.5,2026-05-18 19:55:54
1600,74,14,2.0,2026-07-18 19:55:54
1601,74,132,3.5,2026-09-05 19:55:54
1602,75,209,4.0,2026-06-11 19:55:54
1603,75,187,5.0,2026-06-22 19:55:54
1604,75,117,3.5,2026-06-24 19:55:54
1605,75,61,5.0,2026-05-29 19:55:54
1606,75,19,5.0,2026-04-10 19:55:54
1607,75,84,5.0,2026-06-19 19:55:54
1608,75,93,4.0,2026-05-27 19:55:54
1609,75,166,5.0,2026-08-31 19:55:54
1610,75,121,5.0,2026-05-21 19:55:54
1611,75,161,4.0,2026-06-09 19:55:54
1612,75,65,4.0,2026-05-13 19:55:54
1613,75,79,1.5,2026-05-02 19:55:54
1614,75,44,3.5,2026-09-03 19:55:54
1615,75,222,2.5,2026-09-23 19:55:54
1616,75,184,3.5,2026-06-30 19:55:54
1617,75,29,4.5,2026-07-18 19:55:54
1618,75,120,3.5,2026-08-28 19:55:54
1619,75,136,5.0,2026-06-18 19:55:54
1620,75,185,4.5,2026-07-23 19:55:54
1621,75,88,5.0,2026-10-03 19:55:54
1622,75,150,4.5,2026-09-16 19:55:54
1623,75,92,5.0,2026-06-02 19:55:54
1624,75,97,3.5,2026-06-10 19:55:54
1625,75,153,5.0,2026-06-04 19:55:54
1626,75,211,3.5,2026-08-31 19:55:54
1627,75,101,3.5,2026-04-24 19:55:54
1628,75,188,3.0,2026-04-16 19:55:54
1629,76,222,3.5,2026-09-04 19:55:54
1630,76,205,3.5,2026-08-21 19:55:54
1631,76,30,4.0,2026-07-30 19:55:54
1632,76,147,4.0,2026-07-17 19:55:54
1633,76,133,4.0,2026-09-18 19:55:54
1634,76,5,4.5,2026-08-18 19:55:54
1635,76,9,1.5,2026-07-19 19:55:54
1636,76,105,4.5,2026-08-28 19:55:54
1637,76,194,2.5,2026-07-29 19:55:54
1638,76,76,1.5,2026-09-20 19:55:54
1639,76,100,5.0,2026-05-06 19:55:54
1640,76,70,5.0,2026-05-27 19:55:54
1641,76,211,1.5,2026-07-27 19:55:54
1642,76,183,5.0,2026-05-15 19:55:54
1643,76,220,3.0,2026-09-26 19:55:54
1644,76,19,4.0,2026-09-29 19:55:54
1645,76,218,5.0,2026-04-14 19:55:54
1646,76,66,5.0,2026-04-20 19:55:54
1647,76,28,4.5,2026-05-11 19:55:54
1648,76,130,3.5,2026-04-24 19:55:54
1649,76,79,4.0,2026-06-30 19:55:54
1650,76,115,4.0,2026-08-02 19:55:54
1651,76,110,5.0,2026-05-14 19:55:54
1652,76,129,3.5,2026-06-07 19:55:54
1653,76,39,5.0,2026-07-21 19:55:54
1654,76,20,2.0,2026-10-03 19:55:54
1655,76,219,5.0,2026-07-26 19:55:54
1656,77,193,3.5,2026-07-05 19:55:54
1657,77,137,5.0,2026-05-03 19:55:54
1658,77,155,4.0,2026-04-08 19:55:54
1659,77,119,3.5,2026-06-07 19:55:54
1660,77,14,4.0,2026-06-12 19:55:54
1661,77,52,3.5,2026-07-24 19:55:54
1662,77,217,4.5,2026-08-15 19:55:54
1663,77,44,5.0,2026-04-26 19:55:54
1664,77,200,4.0,2026-08-05 19:55:54
1665,77,22,4.5,2026-09-24 19:55:54
1666,77,97,3.5,2026-08-11 19:55:54
1667,77,85,5.0,2026-09-05 19:55:54
1668,77,198,3.5,2026-05-28 19:55:54
1669,77,187,5.0,2026-08-15 19:55:54
1670,77,130,3.5,2026-04-14 19:55:54
1671,77,164,5.0,2026-08-20 19:55:54
1672,77,107,4.0,2026-09-17 19:55:54
1673,77,92,3.5,2026-08-06 19:55:54
1674,77,109,4.5,2026-08-15 19:55:54
1675,77,150,3.5,2026-04-09 19:55:54
1676,77,174,3.5,2026-07-31 19:55:54
1677,77,40,5.0,2026-10-03 19:55:54
1678,77,143,3.5,2026-07-13 19:55:54
1679,77,55,5.0,2026-07-25 19:55:54
1680,77,103,3.5,2026-06-06 19:55:54
1681,77,36,5.0,2026-09-22 19:55:54
1682,77,121,2.0,2026-09-21 19:55:54
1683,78,111,3.5,2026-05-03 19:55:54
1684,78,55,1.5,2026-04-26 19:55:54
1685,78,83,3.5,2026-09-12 19:55:54
1686,78,223,3.5,2026-06-29 19:55:54
1687,78,98,1.5,2026-09-01 19:55:54
1688,78,104,5.0,2026-09-19 19:55:54
1689,78,188,5.0,2026-09-17 19:55:54
1690,78,26,3.5,2026-05-13 19:55:54
1691,78,147,5.0,2026-06-23 19:55:54
1692,78,22,3.0,2026-08-05 19:55:54
1693,78,128,5.0,2026-10-01 19:55:54
1694,78,66,5.0,2026-06-16 19:55:54
1695,78,77,5.0,2026-09-08 19:55:54
1696,78,138,3.5,2026-06-09 19:55:54
1697,78,7,5.0,2026-08-15 19:55:54
1698,78,88,1.5,2026-05-04 19:55:54
1699,78,25,5.0,2026-08-15 19:55:54
1700,78,58,2.0,2026-04-23 19:55:54
1701,78,176,4.5,2026-06-18 19:55:54
1702,78,2,5.0,2026-06-12 19:55:54
1703,79,47,4.0,2026-08-13 19:55:54
1704,79,46,2.0,2026-09-16 19:55:54
1705,79,118,5.0,2026-04-09 19:55:54
1706,79,136,5.0,2026-05-03 19:55:54
1707,79,214,5.0,2026-05-12 19:55:54
1708,79,207,3.5,2026-07-19 19:55:54
1709,79,25,4.0,2026-09-07 19:55:54
1710,79,92,3.5,2026-05-30 19:55:54
1711,79,29,3.5,2026-04-23 19:55:54
1712,79,166,4.0,2026-06-06 19:55:54
1713,79,190,4.0,2026-06-02 19:55:54
1714,79,192,2.5,2026-06-29 19:55:54
1715,79,84,4.0,2026-10-02 19:55:54
1716,79,153,3.5,2026-07-04 19:55:54
1717,79,162,1.5,2026-08-28 19:55:54
1718,79,185,4.0,2026-04-25 19:55:54
1719,80,86,3.5,2026-07-20 19:55:54
1720,80,208,4.5,2026-08-01 19:55:54
1721,80,122,4.5,2026-09-01 19:55:54
1722,80,19,5.0,2026-05-31 19:55:54
1723,80,115,3.5,2026-06-05 19:55:54
1724,80,4,5.0,2026-09-17 19:55:54
1725,80,33,5.0,2026-04-21 19:55:54
1726,80,54,2.5,2026-05-29 19:55:54
1727,80,68,4.0,2026-07-13 19:55:54
1728,80,95,5.0,2026-04-09 19:55:54
1729,80,46,3.0,2026-06-04 19:55:54
1730,80,10,3.0,2026-04-23 19:55:54
1731,80,83,5.0,2026-04-20 19:55:54
1732,80,199,4.0,2026-08-13 19:55:54
1733,80,128,2.0,2026-06-24 19:55:54
1734,80,218,5.0,2026-06-29 19:55:54
1735,80,72,4.5,2026-07-30 19:55:54
1736,80,5,4.0,2026-09-12 19:55:54
1737,80,197,5.0,2026-07-05 19:55:54
1738,80,183,3.5,2026-06-06 19:55:54
1739,80,102,4.5,2026-06-16 19:55:54
1740,80,159,3.0,2026-06-21 19:55:54
1741,80,141,3.0,2026-07-14 19:55:54
1742,80,187,3.5,2026-08-19 19:55:54
1743,80,78,4.5,2026-04-21 19:55:54
1744,80,217,3.5,2026-07-20 19:55:54
1745,81,104,2.5,2026-09-12 19:55:54
1746,81,44,4.0,2026-06-16 19:55:54
1747,81,214,3.0,2026-08-11 19:55:54
1748,81,54,5.0,2026-09-26 19:55:54
1749,81,39,5.0,2026-09-01 19:55:54
1750,81,33,3.5,2026-05-29 19:55:54
1751,81,143,4.5,2026-07-09 19:55:54
1752,81,102,5.0,2026-04-11 19:55:54
1753,81,97,3.5,2026-07-19 19:55:54
1754,81,93,3.5,2026-05-11 19:55:54
1755,81,28,4.0,2026-08-25 19:55:54
1756,81,107,4.5,2026-05-11 19:55:54
1757,81,76,3.5,2026-05-01 19:55:54
1758,81,13,5.0,2026-06-28 19:55:54
1759,81,131,5.0,2026-09-17 19:55:54
1760,81,145,4.0,2026-06-04 19:55:54
1761,81,201,5.0,2026-06-10 19:55:54
1762,81,59,2.5,2026-09-10 19:55:54
1763,81,194,5.0,2026-08-19 19:55:54
1764,81,196,5.0,2026-05-31 19:55:54
1765,81,4,2.0,2026-09-16 19:55:54
1766,81,65,5.0,2026-07-23 19:55:54
1767,82,54,3.5,2026-08-28 19:55:54
1768,82,214,5.0,2026-05-02 19:55:54
1769,82,121,5.0,2026-07-11 19:55:54
1770,82,127,3.0,2026-06-08 19:55:54
1771,82,134,3.5,2026-09-10 19:55:54
1772,82,173,5.0,2026-07-07 19:55:54
1773,82,108,4.5,2026-06-25 19:55:54
1774,82,128,4.0,2026-06-19 19:55:54
1775,82,45,3.5,2026-06-15 19:55:54
1776,82,3,4.0,2026-04-08 19:55:54
1777,82,155,3.0,2026-04-08 19:55:54
1778,82,19,4.0,2026-08-24 19:55:54
1779,82,149,5.0,2026-07-21 19:55:54
1780,82,44,1.5,2026-04-08 19:55:54
1781,82,143,2.0,2026-05-30 19:55:54
1782,82,171,5.0,2026-09-02 19:55:54
1783,82,50,3.5,2026-09-07 19:55:54
1784,82,23,4.5,2026-06-21 19:55:54
1785,83,25,4.5,2026-08-23 19:55:54
1786,83,161,3.5,2026-05-01 19:55:54
1787,83,59,4.5,2026-09-02 19:55:54
1788,83,10,3.0,2026-08-21 19:55:54
1789,83,184,3.5,2026-04-13 19:55:54
1790,83,67,3.0,2026-07-04 19:55:54
1791,83,133,1.5,2026-04-14 19:55:54
1792,83,3,3.0,2026-04-08 19:55:54
1793,83,136,5.0,2026-04-22 19:55:54
1794,83,135,1.5,2026-06-26 19:55:54
1795,83,88,5.0,2026-09-20 19:55:54
1796,83,176,3.5,2026-06-29 19:55:54
1797,83,104,4.0,2026-06-30 19:55:54
1798,83,216,4.0,2026-09-10 19:55:54
1799,83,32,3.5,2026-09-30 19:55:54
1800,83,22,4.0,2026-04-12 19:55:54
1801,83,121,4.0,2026-09-09 19:55:54
1802,83,175,4.0,2026-08-22 19:55:54
1803,84,74,4.0,2026-07-10 19:55:54
1804,84,134,2.5,2026-04-16 19:55:54
1805,84,188,4.5,2026-09-29 19:55:54
1806,84,219,5.0,2026-06-11 19:55:54
1807,84,121,4.0,2026-05-28 19:55:54
1808,84,34,3.5,2026-08-05 19:55:54
1809,84,79,3.5,2026-07-16 19:55:54
1810,84,8,3.0,2026-08-02 19:55:54
1811,84,161,1.5,2026-08-29 19:55:54
1812,84,166,2.5,2026-08-13 19:55:54
1813,84,190,2.0,2026-04-22 19:55:54
1814,84,39,5.0,2026-06-12 19:55:54
1815,84,225,4.5,2026-08-30 19:55:54
1816,84,70,3.5,2026-05-23 19:55:54
1817,84,68,5.0,2026-04-21 19:55:54
1818,84,183,3.5,2026-08-06 19:55:54
1819,84,87,2.5,2026-07-08 19:55:54
1820,84,110,5.0,2026-09-20 19:55:54
1821,84,77,4.0,2026-04-11 19:55:54
1822,84,145,4.0,2026-05-01 19:55:54
1823,84,222,5.0,2026-07-13 19:55:54
1824,84,130,3.5,2026-09-17 19:55:54
1825,85,63,3.5,2026-07-03 19:55:54
1826,85,70,2.0,2026-06-05 19:55:54
1827,85,36,5.0,2026-04-30 19:55:54
1828,85,16,4.0,2026-06-02 19:55:54
1829,85,98,5.0,2026-06-16 19:55:54
1830,85,212,4.5,2026-05-04 19:55:54
1831,85,33,5.0,2026-08-20 19:55:54
1832,85,50,5.0,2026-07-17 19:55:54
1833,85,182,3.0,2026-05-13 19:55:54
1834,85,190,3.5,2026-07-10 19:55:54
1835,85,53,5.0,2026-08-14 19:55:54
1836,85,58,4.0,2026-10-02 19:55:54
1837,85,118,3.5,2026-06-30 19:55:54
1838,85,67,5.0,2026-06-24 19:55:54
1839,85,167,2.5,2026-06-27 19:55:54
1840,86,51,5.0,2026-08-16 19:55:54
1841,86,125,4.0,2026-06-16 19:55:54
1842,86,132,2.5,2026-05-28 19:55:54
1843,86,121,5.0,2026-05-06 19:55:54
1844,86,163,5.0,2026-09-11 19:55:54
1845,86,225,5.0,2026-07-07 19:55:54
1846,86,185,4.5,2026-08-11 19:55:54
1847,86,65,3.0,2026-04-08 19:55:54
1848,86,190,2.0,2026-05-31 19:55:54
1849,86,133,3.5,2026-04-08 19:55:54
1850,86,85,5.0,2026-04-19 19:55:54
1851,86,168,5.0,2026-08-21 19:55:54
1852,86,142,4.0,2026-08-30 19:55:54
1853,86,11,4.0,2026-05-28 19:55:54
1854,86,206,3.0,2026-05-11 19:55:54
1855,86,16,2.0,2026-08-13 19:55:54
1856,86,208,4.0,2026-08-15 19:55:54
1857,86,66,5.0,2026-06-13 19:55:54
1858,86,37,5.0,2026-09-06 19:55:54
1859,86,193,4.0,2026-09-13 19:55:54
1860,86,109,3.0,2026-09-02 19:55:54
1861,86,115,4.5,2026-09-26 19:55:54
1862,86,24,5.0,2026-06-01 19:55:54
1863,86,223,3.5,2026-10-01 19:55:54
1864,87,214,5.0,2026-06-20 19:55:54
1865,87,125,1.5,2026-04-23 19:55:54
1866,87,59,4.5,2026-09-29 19:55:54
1867,87,127,3.5,2026-07-12 19:55:54
1868,87,88,4.0,2026-05-01 19:55:54
1869,87,138,5.0,2026-09-13 19:55:54
1870,87,25,5.0,2026-04-18 19:55:54
1871,87,187,3.5,2026-06-27 19:55:54
1872,87,146,2.0,2026-08-28 19:55:54
1873,87,134,5.0,2026-05-27 19:55:54
1874,87,174,5.0,2026-09-11 19:55:54
1875,87,71,5.0,2026-06-06 19:55:54
1876,87,43,5.0,2026-09-04 19:55:54
1877,87,106,3.5,2026-08-03 19:55:54
1878,87,198,4.0,2026-04-18 19:55:54
1879,87,185,3.5,2026-06-14 19:55:54
1880,87,224,3.5,2026-08-23 19:55:54
1881,87,153,4.5,2026-06-27 19:55:54
1882,87,225,4.0,2026-07-30 19:55:54
1883,87,81,1.5,2026-04-16 19:55:54
1884,87,19,5.0,2026-04-24 19:55:54
1885,87,213,1.5,2026-04-09 19:55:54
1886,87,115,2.0,2026-05-09 19:55:54
1887,87,154,5.0,2026-09-17 19:55:54
1888,87,114,3.0,2026-06-28 19:55:54
1889,87,104,5.0,2026-06-14 19:55:54
1890,88,217,4.5,2026-08-08 19:55:54
1891,88,222,5.0,2026-08-27 19:55:54
1892,88,38,4.0,2026-04-16 19:55:54
1893,88,45,3.5,2026-05-03 19:55:54
1894,88,1,3.5,2026-04-10 19:55:54
1895,88,201,5.0,2026-06-03 19:55:54
1896,88,95,4.0,2026-05-30 19:55:54
1897,88,30,5.0,2026-09-18 19:55:54
1898,88,70,4.5,2026-08-25 19:55:54
1899,88,103,4.0,2026-08-07 19:55:54
1900,88,124,3.5,2026-08-19 19:55:54
1901,88,159,3.0,2026-07-19 19:55:54
1902,88,131,2.0,2026-09-28 19:55:54
1903,88,218,4.5,2026-06-17 19:55:54
1904,88,23,2.5,2026-06-25 19:55:54
1905,88,134,3.5,2026-07-23 19:55:54
1906,88,115,4.0,2026-04-07 19:55:54
1907,89,55,3.5,2026-08-03 19:55:54
1908,89,53,4.5,2026-04-10 19:55:54
1909,89,117,4.0,2026-04-19 19:55:54
1910,89,225,1.5,2026-06-07 19:55:54
1911,89,181,5.0,2026-07-25 19:55:54
1912,89,16,5.0,2026-07-01 19:55:54
1913,89,42,1.5,2026-09-12 19:55:54
1914,89,138,3.5,2026-08-07 19:55:54
1915,89,164,5.0,2026-05-10 19:55:54
1916,89,156,3.5,2026-05-05 19:55:54
1917,89,39,5.0,2026-04-21 19:55:54
1918,89,129,4.5,2026-05-10 19:55:54
1919,89,52,4.5,2026-09-17 19:55:54
1920,89,4,3.5,2026-08-17 19:55:54
1921,89,78,1.5,2026-06-25 19:55:54
1922,89,50,5.0,2026-05-21 19:55:54
1923,89,175,5.0,2026-05-07 19:55:54
1924,89,85,3.5,2026-08-11 19:55:54
1925,89,67,3.5,2026-08-18 19:55:54
1926,89,119,4.0,2026-10-02 19:55:54
1927,90,183,4.5,2026-09-01 19:55:54
1928,90,28,5.0,2026-09-14 19:55:54
1929,90,8,2.5,2026-06-28 19:55:54
1930,90,88,2.0,2026-06-23 19:55:54
1931,90,70,4.5,2026-04-13 19:55:54
1932,90,167,4.0,2026-05-19 19:55:54
1933,90,51,4.5,2026-04-24 19:55:54
1934,90,13,4.0,2026-06-30 19:55:54
1935,90,27,5.0,2026-05-02 19:55:54
1936,90,14,2.0,2026-07-15 19:55:54
1937,90,39,5.0,2026-06-28 19:55:54
1938,90,104,5.0,2026-08-01 19:55:54
1939,90,197,1.5,2026-05-20 19:55:54
1940,90,37,5.0,2026-06-21 19:55:54
1941,90,154,1.5,2026-07-03 19:55:54
1942,90,213,4.5,2026-08-27 19:55:54
1943,90,74,2.0,2026-07-25 19:55:54
1944,90,10,5.0,2026-08-08 19:55:54
1945,90,179,3.5,2026-09-02 19:55:54
1946,90,85,4.5,2026-05-06 19:55:54
1947,90,120,5.0,2026-09-09 19:55:54
1948,90,138,5.0,2026-07-23 19:55:54
1949,90,189,5.0,2026-09-08 19:55:54
1950,90,99,4.0,2026-07-14 19:55:54
1951,90,54,5.0,2026-08-18 19:55:54
1952,90,65,3.5,2026-05-15 19:55:54
1953,91,142,3.5,2026-05-30 19:55:54
1954,91,175,3.5,2026-06-17 19:55:54
1955,91,29,4.0,2026-06-03 19:55:54
1956,91,184,5.0,2026-04-08 19:55:54
1957,91,108,3.5,2026-04-29 19:55:54
1958,91,65,3.5,2026-06-17 19:55:54
1959,91,93,4.5,2026-08-02 19:55:54
1960,91,83,3.5,2026-04-11 19:55:54
1961,91,47,5.0,2026-06-11 19:55:54
1962,91,216,5.0,2026-08-07 19:55:54
1963,91,119,2.5,2026-08-30 19:55:54
1964,91,174,3.5,2026-06-17 19:55:54
1965,91,127,4.0,2026-06-30 19:55:54
1966,91,19,4.5,2026-04-13 19:55:54
1967,91,196,5.0,2026-09-03 19:55:54
1968,91,215,3.0,2026-07-20 19:55:54
1969,91,161,3.5,2026-04-25 19:55:54
1970,91,153,4.0,2026-07-17 19:55:54
1971,91,157,3.5,2026-09-24 19:55:54
1972,91,136,5.0,2026-06-01 19:55:54
1973,91,63,1.5,2026-04-29 19:55:54
1974,91,104,4.5,2026-07-05 19:55:54
1975,91,177,4.5,2026-08-17 19:55:54
1976,91,48,3.5,2026-09-08 19:55:54
1977,91,71,4.0,2026-09-12 19:55:54
1978,91,150,4.0,2026-06-20 19:55:54
1979,91,149,3.0,2026-10-02 19:55:54
1980,92,46,1.5,2026-09-28 19:55:54
1981,92,34,4.5,2026-05-28 19:55:54
1982,92,88,4.0,2026-09-20 19:55:54
1983,92,146,4.5,2026-06-16 19:55:54
1984,92,82,1.5,2026-06-14 19:55:54
1985,92,130,4.5,2026-06-01 19:55:54
1986,92,182,5.0,2026-08-01 19:55:54
1987,92,155,5.0,2026-08-17 19:55:54
1988,92,64,3.5,2026-07-28 19:55:54
1989,92,69,4.0,2026-04-16 19:55:54
1990,92,145,4.0,2026-06-04 19:55:54
1991,92,121,3.5,2026-04-07 19:55:54
1992,92,6,3.5,2026-08-18 19:55:54
1993,92,76,3.5,2026-04-25 19:55:54
1994,92,151,2.0,2026-09-03 19:55:54
1995,92,50,3.5,2026-07-25 19:55:54
1996,92,122,4.0,2026-06-16 19:55:54
1997,92,104,4.0,2026-09-10 19:55:54
1998,92,118,3.0,2026-06-21 19:55:54
1999,92,97,4.0,2026-08-08 19:55:54
2000,92,187,5.0,2026-09-18 19:55:54
2001,92,147,3.5,2026-07-18 19:55:54
2002,92,124,4.5,2026-07-24 19:55:54
2003,92,78,5.0,2026-08-01 19:55:54
2004,93,16,4.0,2026-05-07 19:55:54
2005,93,39,3.5,2026-08-31 19:55:54
2006,93,107,5.0,2026-09-03 19:55:54
2007,93,75,2.0,2026-08-15 19:55:54
2008,93,95,1.5,2026-09-14 19:55:54
2009,93,109,5.0,2026-07-08 19:55:54
2010,93,180,5.0,2026-08-13 19:55:54
2011,93,3,4.0,2026-09-22 19:55:54
2012,93,61,5.0,2026-05-16 19:55:54
2013,93,168,3.5,2026-07-07 19:55:54
2014,93,14,5.0,2026-04-25 19:55:54
2015,93,129,5.0,2026-09-16 19:55:54
2016,93,191,3.5,2026-05-28 19:55:54
2017,93,85,4.0,2026-05-03 19:55:54
2018,94,152,2.5,2026-08-08 19:55:54
2019,94,15,4.5,2026-05-15 19:55:54
2020,94,222,4.0,2026-09-22 19:55:54
2021,94,164,4.5,2026-09-23 19:55:54
2022,94,136,2.5,2026-08-30 19:55:54
2023,94,63,3.5,2026-04-22 19:55:54
2024,94,109,2.0,2026-05-20 19:55:54
2025,94,25,4.5,2026-04-25 19:55:54
2026,94,170,4.5,2026-07-12 19:55:54
2027,94,96,5.0,2026-07-28 19:55:54
2028,94,185,5.0,2026-04-30 19:55:54
2029,94,20,3.5,2026-04-26 19:55:54
2030,94,224,4.5,2026-08-08 19:55:54
2031,94,176,4.5,2026-08-19 19:55:54
2032,94,129,3.5,2026-05-19 19:55:54
2033,94,55,3.5,2026-09-06 19:55:54
2034,95,59,5.0,2026-09-08 19:55:54
2035,95,153,4.0,2026-09-30 19:55:54
2036,95,120,5.0,2026-06-27 19:55:54
2037,95,154,3.5,2026-04-22 19:55:54
2038,95,145,4.0,2026-08-01 19:55:54
2039,95,220,4.5,2026-08-28 19:55:54
2040,95,60,5.0,2026-09-30 19:55:54
2041,95,65,3.5,2026-09-06 19:55:54
2042,95,206,4.5,2026-09-12 19:55:54
2043,95,152,3.0,2026-05-12 19:55:54
2044,95,125,2.0,2026-07-17 19:55:54
2045,95,87,4.0,2026-08-02 19:55:54
2046,95,104,4.5,2026-04-26 19:55:54
2047,95,205,3.5,2026-09-22 19:55:54
2048,95,191,4.5,2026-09-07 19:55:54
2049,95,133,3.0,2026-08-28 19:55:54
2050,95,148,2.0,2026-09-27 19:55:54
2051,95,209,5.0,2026-08-27 19:55:54
2052,95,50,2.5,2026-08-07 19:55:54
2053,95,79,3.0,2026-04-11 19:55:54
2054,95,71,3.5,2026-05-31 19:55:54
2055,95,161,3.5,2026-08-07 19:55:54
2056,95,46,2.5,2026-07-04 19:55:54
2057,95,166,4.5,2026-09-03 19:55:54
2058,95,196,3.5,2026-09-22 19:55:54
2059,96,102,4.5,2026-08-27 19:55:54
2060,96,180,4.0,2026-08-18 19:55:54
2061,96,69,4.5,2026-07-14 19:55:54
2062,96,32,3.0,2026-04-09 19:55:54
2063,96,104,5.0,2026-04-24 19:55:54
2064,96,116,4.0,2026-06-27 19:55:54
2065,96,208,5.0,2026-05-19 19:55:54
2066,96,63,5.0,2026-05-19 19:55:54
2067,96,97,5.0,2026-09-12 19:55:54
2068,96,225,5.0,2026-05-22 19:55:54
2069,96,108,2.0,2026-04-07 19:55:54
2070,96,34,4.5,2026-10-03 19:55:54
2071,96,204,1.5,2026-07-03 19:55:54
2072,96,114,4.0,2026-09-05 19:55:54
2073,96,156,2.5,2026-07-03 19:55:54
2074,96,145,4.0,2026-07-20 19:55:54
2075,97,67,3.5,2026-06-24 19:55:54
2076,97,117,5.0,2026-05-15 19:55:54
2077,97,145,4.5,2026-05-10 19:55:54
2078,97,53,4.0,2026-06-17 19:55:54
2079,97,52,4.5,2026-09-10 19:55:54
2080,97,60,2.0,2026-08-10 19:55:54
2081,97,137,3.5,2026-08-08 19:55:54
2082,97,92,3.5,2026-05-02 19:55:54
2083,97,160,5.0,2026-06-03 19:55:54
2084,97,98,5.0,2026-06-28 19:55:54
2085,97,31,2.5,2026-04-21 19:55:54
2086,97,10,4.5,2026-09-06 19:55:54
2087,97,44,4.5,2026-05-02 19:55:54
2088,97,12,2.5,2026-09-26 19:55:54
2089,97,161,4.0,2026-05-18 19:55:54
2090,97,139,2.0,2026-05-04 19:55:54
2091,97,68,2.5,2026-08-16 19:55:54
2092,97,150,3.5,2026-08-03 19:55:54
2093,97,131,5.0,2026-05-12 19:55:54
2094,97,62,3.0,2026-09-22 19:55:54
2095,97,187,3.5,2026-07-16 19:55:54
2096,97,20,4.5,2026-07-23 19:55:54
2097,97,86,5.0,2026-08-15 19:55:54
2098,97,16,5.0,2026-07-04 19:55:54
2099,97,13,3.5,2026-07-11 19:55:54
2100,97,203,5.0,2026-09-08 19:55:54
2101,97,101,4.0,2026-09-27 19:55:54
2102,98,213,3.5,2026-09-30 19:55:54
2103,98,151,4.5,2026-05-16 19:55:54
2104,98,11,3.5,2026-05-29 19:55:54
2105,98,193,4.5,2026-08-21 19:55:54
2106,98,220,2.0,2026-09-16 19:55:54
2107,98,75,4.5,2026-07-05 19:55:54
2108,98,152,2.0,2026-06-08 19:55:54
2109,98,26,5.0,2026-07-30 19:55:54
2110,98,96,5.0,2026-04-20 19:55:54
2111,98,79,3.5,2026-05-11 19:55:54
2112,98,158,4.5,2026-07-22 19:55:54
2113,98,221,5.0,2026-04-12 19:55:54
2114,98,205,4.5,2026-05-25 19:55:54
2115,98,48,4.5,2026-06-30 19:55:54
2116,98,174,3.0,2026-05-27 19:55:54
2117,98,154,1.5,2026-04-28 19:55:54
2118,98,51,3.5,2026-08-02 19:55:54
2119,98,46,5.0,2026-10-01 19:55:54
2120,98,29,3.5,2026-07-21 19:55:54
2121,98,55,3.5,2026-06-23 19:55:54
2122,99,24,3.0,2026-08-27 19:55:54
2123,99,40,4.5,2026-05-11 19:55:54
2124,99,224,5.0,2026-06-28 19:55:54
2125,99,147,2.5,2026-06-15 19:55:54
2126,99,166,4.0,2026-09-20 19:55:54
2127,99,121,3.5,2026-04-11 19:55:54
2128,99,104,4.5,2026-04-24 19:55:54
2129,99,191,4.0,2026-09-16 19:55:54
2130,99,174,3.5,2026-07-19 19:55:54
2131,99,206,5.0,2026-06-18 19:55:54
2132,99,143,4.5,2026-08-17 19:55:54
2133,99,133,1.5,2026-06-16 19:55:54
2134,99,63,2.5,2026-08-22 19:55:54
2135,99,205,5.0,2026-06-02 19:55:54
2136,99,92,4.0,2026-04-08 19:55:54
2137,99,33,3.5,2026-06-26 19:55:54
2138,99,220,5.0,2026-05-04 19:55:54
2139,100,89,3.5,2026-06-16 19:55:54
2140,100,62,4.5,2026-09-04 19:55:54
2141,100,168,5.0,2026-06-16 19:55:54
2142,100,222,5.0,2026-05-04 19:55:54
2143,100,45,5.0,2026-06-28 19:55:54
2144,100,110,5.0,2026-04-24 19:55:54
2145,100,178,5.0,2026-09-08 19:55:54
2146,100,149,3.5,2026-09-11 19:55:54
2147,100,217,5.0,2026-06-20 19:55:54
2148,100,219,5.0,2026-05-17 19:55:54
2149,100,2,5.0,2026-05-28 19:55:54
2150,100,109,3.5,2026-04-16 19:55:54
2151,100,148,5.0,2026-08-10 19:55:54
2152,100,174,3.0,2026-05-15 19:55:54
2153,100,95,4.0,2026-06-05 19:55:54
2154,100,76,2.5,2026-06-07 19:55:54
2155,100,199,5.0,2026-10-02 19:55:54
2156,100,186,2.0,2026-05-27 19:55:54
2157,100,14,2.5,2026-07-17 19:55:54
2158,100,38,5.0,2026-04-14 19:55:54
2159,100,63,5.0,2026-09-25 19:55:54
2160,100,133,4.0,2026-06-30 19:55:54
2161,100,41,3.5,2026-05-03 19:55:54
2162,100,3,4.0,2026-05-10 19:55:54
2163,100,221,2.0,2026-05-14 19:55:54
2164,101,58,5.0,2026-06-28 19:55:54
2165,101,47,2.0,2026-06-09 19:55:54
2166,101,162,4.5,2026-08-17 19:55:54
2167,101,49,2.0,2026-07-19 19:55:54
2168,101,50,4.0,2026-06-29 19:55:54
2169,101,156,3.5,2026-07-25 19:55:54
2170,101,55,4.0,2026-04-26 19:55:54
2171,101,155,5.0,2026-09-07 19:55:54
2172,101,194,5.0,2026-09-02 19:55:54
2173,101,16,4.5,2026-07-28 19:55:54
2174,101,161,3.5,2026-09-14 19:55:54
2175,101,152,4.5,2026-08-11 19:55:54
2176,101,212,5.0,2026-09-28 19:55:54
2177,101,198,3.0,2026-04-26 19:55:54
2178,101,38,3.0,2026-06-29 19:55:54
2179,101,127,5.0,2026-08-23 19:55:54
2180,101,89,1.5,2026-08-19 19:55:54
2181,102,154,2.0,2026-04-11 19:55:54
2182,102,106,2.5,2026-06-25 19:55:54
2183,102,172,5.0,2026-07-16 19:55:54
2184,102,85,4.0,2026-06-01 19:55:54
2185,102,44,3.0,2026-06-17 19:55:54
2186,102,2,4.5,2026-07-14 19:55:54
2187,102,37,5.0,2026-06-27 19:55:54
2188,102,61,3.5,2026-07-05 19:55:54
2189,102,66,3.5,2026-06-10 19:55:54
2190,102,6,3.5,2026-05-26 19:55:54
2191,102,9,5.0,2026-07-20 19:55:54
2192,102,159,5.0,2026-07-05 19:55:54
2193,102,10,3.5,2026-08-18 19:55:54
2194,102,113,5.0,2026-08-17 19:55:54
2195,102,152,1.5,2026-08-09 19:55:54
2196,102,177,4.5,2026-08-27 19:55:54
2197,102,179,3.5,2026-10-01 19:55:54
2198,102,53,1.5,2026-07-11 19:55:54
2199,102,36,5.0,2026-07-13 19:55:54
2200,102,196,5.0,2026-09-17 19:55:54
2201,102,114,5.0,2026-08-10 19:55:54
2202,102,50,3.5,2026-05-13 19:55:54
2203,102,199,5.0,2026-04-15 19:55:54
2204,102,202,5.0,2026-04-12 19:55:54
2205,103,25,3.5,2026-06-05 19:55:54
2206,103,220,5.0,2026-07-18 19:55:54
2207,103,87,4.5,2026-06-23 19:55:54
2208,103,57,2.5,2026-05-30 19:55:54
2209,103,190,5.0,2026-07-19 19:55:54
2210,103,120,5.0,2026-05-30 19:55:54
2211,103,44,3.5,2026-06-30 19:55:54
2212,103,134,3.5,2026-09-26 19:55:54
2213,103,56,3.5,2026-08-29 19:55:54
2214,103,29,4.5,2026-04-10 19:55:54
2215,103,130,2.0,2026-08-21 19:55:54
2216,103,212,2.5,2026-05-19 19:55:54
2217,103,110,1.5,2026-07-29 19:55:54
2218,103,209,3.5,2026-09-05 19:55:54
2219,103,111,4.5,2026-09-14 19:55:54
2220,103,210,3.5,2026-06-28 19:55:54
2221,103,71,4.0,2026-08-29 19:55:54
2222,103,191,3.5,2026-09-01 19:55:54
2223,103,206,4.0,2026-05-07 19:55:54
2224,104,114,3.5,2026-07-24 19:55:54
2225,104,133,4.5,2026-05-09 19:55:54
2226,104,178,4.0,2026-06-07 19:55:54
2227,104,203,1.5,2026-08-03 19:55:54
2228,104,180,5.0,2026-08-17 19:55:54
2229,104,78,5.0,2026-04-17 19:55:54
2230,104,87,2.5,2026-07-28 19:55:54
2231,104,32,3.5,2026-09-12 19:55:54
2232,104,89,2.0,2026-08-26 19:55:54
2233,104,222,5.0,2026-05-26 19:55:54
2234,104,163,5.0,2026-07-26 19:55:54
2235,104,148,3.5,2026-04-20 19:55:54
2236,104,28,5.0,2026-08-15 19:55:54
2237,104,197,5.0,2026-08-19 19:55:54
2238,104,110,5.0,2026-05-01 19:55:54
2239,104,164,5.0,2026-09-06 19:55:54
2240,104,85,2.0,2026-09-05 19:55:54
2241,104,83,3.5,2026-09-24 19:55:54
2242,104,103,4.0,2026-09-17 19:55:54
2243,104,121,4.5,2026-08-07 19:55:54
2244,104,23,3.0,2026-06-25 19:55:54
2245,104,100,4.0,2026-04-09 19:55:54
2246,104,39,4.0,2026-08-21 19:55:54
2247,104,95,4.5,2026-04-23 19:55:54
2248,104,80,5.0,2026-07-22 19:55:54
2249,104,199,3.5,2026-08-17 19:55:54
2250,104,8,3.5,2026-06-03 19:55:54
2251,104,30,4.0,2026-08-21 19:55:54
2252,105,61,4.0,2026-09-09 19:55:54
2253,105,217,4.5,2026-06-10 19:55:54
2254,105,53,4.5,2026-05-17 19:55:54
2255,105,131,5.0,2026-07-31 19:55:54
2256,105,71,1.5,2026-07-05 19:55:54
2257,105,180,4.5,2026-05-24 19:55:54
2258,105,58,5.0,2026-06-02 19:55:54
2259,105,99,3.5,2026-04-23 19:55:54
2260,105,175,5.0,2026-08-08 19:55:54
2261,105,30,2.0,2026-07-04 19:55:54
2262,105,56,4.0,2026-05-09 19:55:54
2263,105,4,3.0,2026-07-03 19:55:54
2264,105,161,3.5,2026-08-15 19:55:54
2265,105,6,5.0,2026-04-23 19:55:54
2266,105,8,4.5,2026-04-26 19:55:54
2267,106,149,3.5,2026-07-31 19:55:54
2268,106,91,4.5,2026-05-28 19:55:54
2269,106,193,5.0,2026-08-25 19:55:54
2270,106,110,4.5,2026-08-28 19:55:54
2271,106,13,4.0,2026-06-15 19:55:54
2272,106,44,1.5,2026-07-21 19:55:54
2273,106,103,5.0,2026-07-05 19:55:54
2274,106,63,5.0,2026-06-17 19:55:54
2275,106,173,3.5,2026-07-29 19:55:54
2276,106,37,5.0,2026-07-16 19:55:54
2277,106,8,3.0,2026-04-13 19:55:54
2278,106,87,5.0,2026-08-29 19:55:54
2279,106,53,2.0,2026-07-31 19:55:54
2280,106,128,5.0,2026-08-13 19:55:54
2281,106,148,3.5,2026-07-19 19:55:54
2282,106,145,3.0,2026-05-17 19:55:54
2283,106,57,5.0,2026-09-09 19:55:54
2284,106,101,3.0,2026-04-09 19:55:54
2285,106,172,4.5,2026-06-06 19:55:54
2286,106,74,3.0,2026-06-18 19:55:54
2287,106,115,5.0,2026-09-26 19:55:54
2288,106,201,3.5,2026-06-18 19:55:54
2289,106,141,4.0,2026-04-29 19:55:54
2290,106,135,4.0,2026-05-08 19:55:54
2291,106,113,4.0,2026-04-28 19:55:54
2292,106,219,5.0,2026-07-20 19:55:54
2293,106,161,3.0,2026-09-01 19:55:54
2294,106,191,3.5,2026-06-07 19:55:54
2295,107,154,5.0,2026-09-19 19:55:54
2296,107,216,4.5,2026-06-22 19:55:54
2297,107,14,2.0,2026-08-04 19:55:54
2298,107,29,5.0,2026-07-29 19:55:54
2299,107,205,5.0,2026-04-18 19:55:54
2300,107,176,5.0,2026-08-27 19:55:54
2301,107,199,2.0,2026-08-28 19:55:54
2302,107,88,4.0,2026-08-21 19:55:54
2303,107,166,5.0,2026-08-13 19:55:54
2304,107,76,4.5,2026-07-21 19:55:54
2305,107,209,5.0,2026-05-30 19:55:54
2306,107,196,4.5,2026-06-25 19:55:54
2307,107,191,3.5,2026-06-07 19:55:54
2308,107,150,5.0,2026-08-27 19:55:54
2309,107,121,5.0,2026-09-03 19:55:54
2310,107,71,3.5,2026-05-08 19:55:54
2311,107,45,3.5,2026-06-12 19:55:54
2312,107,138,4.5,2026-08-29 19:55:54
2313,107,44,5.0,2026-07-25 19:55:54
2314,107,43,4.0,2026-07-04 19:55:54
2315,107,179,3.5,2026-08-11 19:55:54
2316,107,207,3.5,2026-06-26 19:55:54
2317,107,173,2.0,2026-04-19 19:55:54
2318,107,220,5.0,2026-07-09 19:55:54
2319,107,40,4.0,2026-07-24 19:55:54
2320,107,127,4.5,2026-06-25 19:55:54
2321,107,70,3.0,2026-06-29 19:55:54
2322,108,136,2.0,2026-07-31 19:55:54
2323,108,110,4.5,2026-08-07 19:55:54
2324,108,116,4.0,2026-06-14 19:55:54
2325,108,95,4.0,2026-09-11 19:55:54
2326,108,79,3.5,2026-08-12 19:55:54
2327,108,33,4.0,2026-10-02 19:55:54
2328,108,132,5.0,2026-05-11 19:55:54
2329,108,204,1.5,2026-07-08 19:55:54
2330,108,64,5.0,2026-05-29 19:55:54
2331,108,93,2.0,2026-05-10 19:55:54
2332,108,201,5.0,2026-07-05 19:55:54
2333,108,44,3.5,2026-08-29 19:55:54
2334,108,26,5.0,2026-06-16 19:55:54
2335,108,194,1.5,2026-05-11 19:55:54
2336,108,69,5.0,2026-07-19 19:55:54
2337,108,94,3.0,2026-08-05 19:55:54
2338,108,199,5.0,2026-07-11 19:55:54
2339,108,197,4.5,2026-07-31 19:55:54
2340,108,169,4.5,2026-09-16 19:55:54
2341,108,5,4.0,2026-07-22 19:55:54
2342,108,19,5.0,2026-08-03 19:55:54
2343,108,45,5.0,2026-05-28 19:55:54
2344,108,180,5.0,2026-09-19 19:55:54
2345,109,20,5.0,2026-05-01 19:55:54
2346,109,90,1.5,2026-05-15 19:55:54
2347,109,52,5.0,2026-06-29 19:55:54
2348,109,17,3.0,2026-04-07 19:55:54
2349,109,41,4.0,2026-09-04 19:55:54
2350,109,164,5.0,2026-07-01 19:55:54
2351,109,65,4.5,2026-06-14 19:55:54
2352,109,29,2.0,2026-08-05 19:55:54
2353,109,107,3.5,2026-08-06 19:55:54
2354,109,136,5.0,2026-05-11 19:55:54
2355,109,13,3.5,2026-08-01 19:55:54
2356,109,131,3.5,2026-09-19 19:55:54
2357,109,143,4.0,2026-07-23 19:55:54
2358,109,150,4.5,2026-05-02 19:55:54
2359,109,160,4.0,2026-07-21 19:55:54
2360,109,25,3.0,2026-06-03 19:55:54
2361,109,105,3.5,2026-09-14 19:55:54
2362,109,217,5.0,2026-08-12 19:55:54
2363,109,212,4.5,2026-08-08 19:55:54
2364,109,10,4.5,2026-07-02 19:55:54
2365,109,158,4.5,2026-04-19 19:55:54
2366,109,56,4.5,2026-07-14 19:55:54
2367,109,132,3.5,2026-09-07 19:55:54
2368,109,222,3.0,2026-04-27 19:55:54
2369,109,192,1.5,2026-08-12 19:55:54
2370,109,194,5.0,2026-08-05 19:55:54
2371,109,67,5.0,2026-08-11 19:55:54
2372,109,180,4.0,2026-09-24 19:55:54
2373,110,92,4.5,2026-05-20 19:55:54
2374,110,136,3.5,2026-05-11 19:55:54
2375,110,149,4.5,2026-08-23 19:55:54
2376,110,27,5.0,2026-08-04 19:55:54
2377,110,109,1.5,2026-07-24 19:55:54
2378,110,164,4.5,2026-09-12 19:55:54
2379,110,90,5.0,2026-07-20 19:55:54
2380,110,10,5.0,2026-09-24 19:55:54
2381,110,165,4.5,2026-07-27 19:55:54
2382,110,5,5.0,2026-09-30 19:55:54
2383,110,35,5.0,2026-04-17 19:55:54
2384,110,14,2.5,2026-08-19 19:55:54
2385,110,6,3.5,2026-06-13 19:55:54
2386,110,220,1.5,2026-07-04 19:55:54
2387,110,201,5.0,2026-08-09 19:55:54
2388,110,125,5.0,2026-09-13 19:55:54
2389,110,144,5.0,2026-05-15 19:55:54
2390,110,99,3.5,2026-06-13 19:55:54
2391,110,61,2.5,2026-07-29 19:55:54
2392,110,56,2.0,2026-08-06 19:55:54
2393,110,193,4.0,2026-04-28 19:55:54
2394,110,212,4.0,2026-09-04 19:55:54
2395,110,124,4.0,2026-04-11 19:55:54
2396,110,20,5.0,2026-05-08 19:55:54
2397,110,64,3.5,2026-08-06 19:55:54
2398,111,175,4.0,2026-05-05 19:55:54
2399,111,32,5.0,2026-08-10 19:55:54
2400,111,43,5.0,2026-05-26 19:55:54
2401,111,110,2.5,2026-08-09 19:55:54
2402,111,225,5.0,2026-09-25 19:55:54
2403,111,136,4.0,2026-06-28 19:55:54
2404,111,143,3.5,2026-09-14 19:55:54
2405,111,120,4.0,2026-05-12 19:55:54
2406,111,92,5.0,2026-04-25 19:55:54
2407,111,202,3.0,2026-05-19 19:55:54
2408,111,209,5.0,2026-09-20 19:55:54
2409,111,173,3.5,2026-05-23 19:55:54
2410,111,214,4.5,2026-08-15 19:55:54
2411,111,61,4.5,2026-08-02 19:55:54
2412,111,34,2.5,2026-08-05 19:55:54
2413,111,25,3.5,2026-04-09 19:55:54
2414,111,65,5.0,2026-07-03 19:55:54
2415,111,198,5.0,2026-05-27 19:55:54
2416,111,177,4.5,2026-04-19 19:55:54
2417,111,70,2.0,2026-06-11 19:55:54
2418,111,21,2.0,2026-05-11 19:55:54
2419,111,22,4.0,2026-05-19 19:55:54
2420,111,205,5.0,2026-04-14 19:55:54
2421,111,80,2.0,2026-05-01 19:55:54
2422,111,154,4.5,2026-07-08 19:55:54
2423,112,197,5.0,2026-07-05 19:55:54
2424,112,62,5.0,2026-08-03 19:55:54
2425,112,66,3.5,2026-07-09 19:55:54
2426,112,149,4.5,2026-05-05 19:55:54
2427,112,108,1.5,2026-09-22 19:55:54
2428,112,174,2.5,2026-06-11 19:55:54
2429,112,168,5.0,2026-06-14 19:55:54
2430,112,3,5.0,2026-04-07 19:55:54
2431,112,72,4.0,2026-05-06 19:55:54
2432,112,133,5.0,2026-09-12 19:55:54
2433,112,169,3.5,2026-05-05 19:55:54
2434,112,138,5.0,2026-06-28 19:55:54
2435,112,224,2.0,2026-05-26 19:55:54
2436,112,69,4.5,2026-09-09 19:55:54
2437,112,48,3.0,2026-07-08 19:55:54
2438,113,14,5.0,2026-05-19 19:55:54
2439,113,70,1.5,2026-05-31 19:55:54
2440,113,196,3.5,2026-07-01 19:55:54
2441,113,152,5.0,2026-06-16 19:55:54
2442,113,120,3.5,2026-09-01 19:55:54
2443,113,162,4.5,2026-09-05 19:55:54
2444,113,38,1.5,2026-06-12 19:55:54
2445,113,67,5.0,2026-07-28 19:55:54
2446,113,193,4.0,2026-07-24 19:55:54
2447,113,107,3.5,2026-07-05 19:55:54
2448,113,161,4.0,2026-09-14 19:55:54
2449,113,217,5.0,2026-07-10 19:55:54
2450,113,110,3.5,2026-04-14 19:55:54
2451,113,109,4.5,2026-09-24 19:55:54
2452,113,132,3.5,2026-07-14 19:55:54
2453,113,47,3.5,2026-04-17 19:55:54
2454,113,129,3.5,2026-04-24 19:55:54
2455,113,127,4.0,2026-08-29 19:55:54
2456,113,207,4.0,2026-04-14 19:55:54
2457,113,164,5.0,2026-08-26 19:55:54
2458,113,58,4.0,2026-05-29 19:55:54
2459,113,53,4.0,2026-04-24 19:55:54
2460,114,223,4.5,2026-08-01 19:55:54
2461,114,23,3.5,2026-08-19 19:55:54
2462,114,202,4.5,2026-04-17 19:55:54
2463,114,142,5.0,2026-09-01 19:55:54
2464,114,124,5.0,2026-05-31 19:55:54
2465,114,1,4.0,2026-09-26 19:55:54
2466,114,73,5.0,2026-08-09 19:55:54
2467,114,163,5.0,2026-09-18 19:55:54
2468,114,187,2.5,2026-07-29 19:55:54
2469,114,59,5.0,2026-06-25 19:55:54
2470,114,143,3.0,2026-06-23 19:55:54
2471,114,65,1.5,2026-07-27 19:55:54
2472,114,201,4.0,2026-07-09 19:55:54
2473,114,137,3.5,2026-07-17 19:55:54
2474,114,87,4.0,2026-05-10 19:55:54
2475,114,169,3.5,2026-08-12 19:55:54
2476,114,207,3.5,2026-04-29 19:55:54
2477,114,101,2.0,2026-05-02 19:55:54
2478,114,72,3.5,2026-06-28 19:55:54
2479,114,11,4.5,2026-07-05 19:55:54
2480,114,182,5.0,2026-09-17 19:55:54
2481,114,154,3.5,2026-08-11 19:55:54
2482,115,108,3.5,2026-07-26 19:55:54
2483,115,205,5.0,2026-04-19 19:55:54
2484,115,177,4.5,2026-09-12 19:55:54
2485,115,195,3.5,2026-06-19 19:55:54
2486,115,88,5.0,2026-05-02 19:55:54
2487,115,93,3.5,2026-05-06 19:55:54
2488,115,225,4.0,2026-05-01 19:55:54
2489,115,143,4.5,2026-06-17 19:55:54
2490,115,83,1.5,2026-07-18 19:55:54
2491,115,76,4.0,2026-09-08 19:55:54
2492,115,60,5.0,2026-06-05 19:55:54
2493,115,74,3.0,2026-09-10 19:55:54
2494,115,4,3.0,2026-05-13 19:55:54
2495,115,190,4.5,2026-04-07 19:55:54
2496,115,140,2.0,2026-06-28 19:55:54
2497,115,51,5.0,2026-06-25 19:55:54
2498,115,196,5.0,2026-09-06 19:55:54
2499,116,79,4.5,2026-06-07 19:55:54
2500,116,167,3.5,2026-05-14 19:55:54
2501,116,211,1.5,2026-09-07 19:55:54
2502,116,74,3.5,2026-06-29 19:55:54
2503,116,34,3.5,2026-08-23 19:55:54
2504,116,194,1.5,2026-08-22 19:55:54
2505,116,36,1.5,2026-09-24 19:55:54
2506,116,148,5.0,2026-08-21 19:55:54
2507,116,83,5.0,2026-06-01 19:55:54
2508,116,5,5.0,2026-06-18 19:55:54
2509,116,195,4.5,2026-09-03 19:55:54
2510,116,33,4.5,2026-04-13 19:55:54
2511,116,55,2.5,2026-04-29 19:55:54
2512,116,28,5.0,2026-04-20 19:55:54
2513,116,163,4.5,2026-05-23 19:55:54
2514,116,93,3.5,2026-06-30 19:55:54
2515,116,124,4.5,2026-06-05 19:55:54
2516,116,62,4.5,2026-08-30 19:55:54
2517,116,114,5.0,2026-10-01 19:55:54
2518,116,66,4.0,2026-08-26 19:55:54
2519,116,105,3.5,2026-07-16 19:55:54
2520,116,164,4.0,2026-04-09 19:55:54
2521,116,130,5.0,2026-07-11 19:55:54
2522,117,219,2.0,2026-08-22 19:55:54
2523,117,22,3.5,2026-07-13 19:55:54
2524,117,190,3.5,2026-08-29 19:55:54
2525,117,109,5.0,2026-06-17 19:55:54
2526,117,30,2.5,2026-07-18 19:55:54
2527,117,176,3.5,2026-08-03 19:55:54
2528,117,55,5.0,2026-06-27 19:55:54
2529,117,96,2.5,2026-07-16 19:55:54
2530,117,6,4.5,2026-05-21 19:55:54
2531,117,65,5.0,2026-08-10 19:55:54
2532,117,161,4.5,2026-08-28 19:55:54
2533,117,145,5.0,2026-06-12 19:55:54
2534,117,152,4.5,2026-04-11 19:55:54
2535,117,107,5.0,2026-04-20 19:55:54
2536,117,213,1.5,2026-07-02 19:55:54
2537,117,123,4.5,2026-06-17 19:55:54
2538,117,206,5.0,2026-08-16 19:55:54
2539,117,66,2.0,2026-10-01 19:55:54
2540,117,79,2.5,2026-05-22 19:55:54
2541,117,86,5.0,2026-07-16 19:55:54
2542,117,63,4.5,2026-07-31 19:55:54
2543,117,212,3.5,2026-05-01 19:55:54
2544,117,137,4.5,2026-04-22 19:55:54
2545,118,205,5.0,2026-09-03 19:55:54
2546,118,91,3.5,2026-07-15 19:55:54
2547,118,156,5.0,2026-07-24 19:55:54
2548,118,9,4.0,2026-04-19 19:55:54
2549,118,56,1.5,2026-07-10 19:55:54
2550,118,143,2.5,2026-08-21 19:55:54
2551,118,19,5.0,2026-07-02 19:55:54
2552,118,207,5.0,2026-06-19 19:55:54
2553,118,188,3.5,2026-09-17 19:55:54
2554,118,225,5.0,2026-08-27 19:55:54
2555,118,84,3.5,2026-08-20 19:55:54
2556,118,199,4.5,2026-05-01 19:55:54
2557,118,140,3.5,2026-06-21 19:55:54
2558,118,145,1.5,2026-07-16 19:55:54
2559,119,206,4.0,2026-05-12 19:55:54
2560,119,214,4.0,2026-08-16 19:55:54
2561,119,183,4.0,2026-08-19 19:55:54
2562,119,64,2.5,2026-04-08 19:55:54
2563,119,220,3.5,2026-05-31 19:55:54
2564,119,107,2.5,2026-07-06 19:55:54
2565,119,53,5.0,2026-06-10 19:55:54
2566,119,121,4.0,2026-09-24 19:55:54
2567,119,26,3.5,2026-06-27 19:55:54
2568,119,196,5.0,2026-08-11 19:55:54
2569,119,150,5.0,2026-07-07 19:55:54
2570,119,88,4.5,2026-08-11 19:55:54
2571,119,216,5.0,2026-05-15 19:55:54
2572,119,210,2.5,2026-09-10 19:55:54
2573,119,225,4.0,2026-07-29 19:55:54
2574,119,40,4.5,2026-09-25 19:55:54
2575,119,222,3.5,2026-04-18 19:55:54
2576,119,176,5.0,2026-08-29 19:55:54
2577,119,44,4.5,2026-06-30 19:55:54
2578,120,189,2.5,2026-05-04 19:55:54
2579,120,110,5.0,2026-08-14 19:55:54
2580,120,3,5.0,2026-08-29 19:55:54
2581,120,201,4.5,2026-09-20 19:55:54
2582,120,179,2.5,2026-08-28 19:55:54
2583,120,217,5.0,2026-06-24 19:55:54
2584,120,194,1.5,2026-04-18 19:55:54
2585,120,121,4.0,2026-07-18 19:55:54
2586,120,153,4.0,2026-08-04 19:55:54
2587,120,64,5.0,2026-09-10 19:55:54
2588,120,10,2.0,2026-04-11 19:55:54
2589,120,166,2.5,2026-10-02 19:55:54
2590,120,187,4.5,2026-09-08 19:55:54
2591,120,34,5.0,2026-04-08 19:55:54
2592,120,105,5.0,2026-04-15 19:55:54
2593,120,15,5.0,2026-08-02 19:55:54
2594,120,114,3.5,2026-06-26 19:55:54
2595,120,69,4.0,2026-06-23 19:55:54
2596,120,208,4.5,2026-04-14 19:55:54
2597,120,115,5.0,2026-05-04 19:55:54
2598,120,181,1.5,2026-07-07 19:55:54
2599,120,33,5.0,2026-09-27 19:55:54
2600,120,155,5.0,2026-08-19 19:55:54
2601,120,138,4.5,2026-07-03 19:55:54
