user_id,name,email,age,gender,created_at
1,Diya Patel,diya.patel1@moviemine.edu,35,Male,2026-06-03 02:39:02
2,Elena Gohel,elena.gohel2@moviemine.edu,52,Male,2025-11-27 02:39:02
3,Samantha Shah,samantha.shah3@moviemine.edu,19,Male,2026-06-06 02:39:02
4,Ishaan Gonzalez,ishaan.gonzalez4@moviemine.edu,19,Non-Binary,2026-06-16 02:39:02
5,Rohan Brown,rohan.brown5@moviemine.edu,46,Non-Binary,2026-05-06 02:39:02
6,Aarav Johnson,aarav.johnson6@moviemine.edu,45,Female,2026-05-06 02:39:02
7,Ethan Williams,ethan.williams7@moviemine.edu,39,Male,2026-08-09 02:39:02
8,Priya Gohel,priya.gohel8@moviemine.edu,40,Female,2025-11-20 02:39:02
9,Jessica Shah,jessica.shah9@moviemine.edu,47,Non-Binary,2026-07-24 02:39:02
10,Priya Sharma,priya.sharma10@moviemine.edu,53,Female,2025-11-08 02:39:02
11,Olivia Anderson,olivia.anderson11@moviemine.edu,30,Non-Binary,2026-08-21 02:39:02
12,Alexander Moore,alexander.moore12@moviemine.edu,32,Female,2026-08-16 02:39:02
13,Ishaan Gohel,ishaan.gohel13@moviemine.edu,42,Female,2026-02-05 02:39:02
14,Olivia Johnson,olivia.johnson14@moviemine.edu,41,Female,2026-06-10 02:39:02
15,Kavya Jackson,kavya.jackson15@moviemine.edu,22,Non-Binary,2025-11-04 02:39:02
16,Fatima Wilson,fatima.wilson16@moviemine.edu,33,Male,2026-02-01 02:39:02
17,Priya Jones,priya.jones17@moviemine.edu,53,Male,2025-10-10 02:39:02
18,Maya Shah,maya.shah18@moviemine.edu,32,Male,2026-04-17 02:39:02
19,Rahul Jones,rahul.jones19@moviemine.edu,22,Male,2025-12-09 02:39:02
20,Maya Williams,maya.williams20@moviemine.edu,49,Female,2025-10-31 02:39:02
21,Tara Smith,tara.smith21@moviemine.edu,34,Male,2026-05-22 02:39:02
22,Jessica Anderson,jessica.anderson22@moviemine.edu,45,Non-Binary,2026-03-05 02:39:02
23,Olivia Brown,olivia.brown23@moviemine.edu,26,Non-Binary,2026-01-16 02:39:02
24,Chloe Shah,chloe.shah24@moviemine.edu,25,Male,2025-11-08 02:39:02
25,Fatima Moore,fatima.moore25@moviemine.edu,45,Non-Binary,2026-08-24 02:39:02
26,Priya Rodriguez,priya.rodriguez26@moviemine.edu,47,Non-Binary,2026-05-20 02:39:02
27,Aarav Moore,aarav.moore27@moviemine.edu,25,Non-Binary,2025-12-25 02:39:02
28,Kavya Taylor,kavya.taylor28@moviemine.edu,39,Male,2026-04-28 02:39:02
29,Samantha Johnson,samantha.johnson29@moviemine.edu,47,Male,2026-05-14 02:39:02
30,Gabriel Gonzalez,gabriel.gonzalez30@moviemine.edu,24,Non-Binary,2026-04-26 02:39:02
31,Grace Smith,grace.smith31@moviemine.edu,41,Male,2025-12-23 02:39:02
32,Aarav Thomas,aarav.thomas32@moviemine.edu,38,Female,2026-09-16 02:39:02
33,Diya Davis,diya.davis33@moviemine.edu,37,Male,2026-08-27 02:39:02
34,Jack Anderson,jack.anderson34@moviemine.edu,23,Male,2026-01-20 02:39:02
35,Arjun Wilson,arjun.wilson35@moviemine.edu,26,Male,2025-10-23 02:39:02
36,Vikram Wilson,vikram.wilson36@moviemine.edu,28,Female,2025-12-29 02:39:02
37,Samantha Williams,samantha.williams37@moviemine.edu,52,Non-Binary,2026-06-15 02:39:02
38,Lucas Rodriguez,lucas.rodriguez38@moviemine.edu,41,Female,2026-01-04 02:39:02
39,Sophia Gohel,sophia.gohel39@moviemine.edu,33,Male,2026-08-24 02:39:02
40,Meera Patel,meera.patel40@moviemine.edu,55,Non-Binary,2026-05-31 02:39:02
41,Ishaan Patel,ishaan.patel41@moviemine.edu,22,Non-Binary,2025-11-06 02:39:02
42,Amara Brown,amara.brown42@moviemine.edu,22,Male,2026-04-09 02:39:02
43,Arjun Gonzalez,arjun.gonzalez43@moviemine.edu,33,Female,2025-10-18 02:39:02
44,Zoe Williams,zoe.williams44@moviemine.edu,52,Male,2025-12-07 02:39:02
45,Vikram Brown,vikram.brown45@moviemine.edu,48,Female,2026-06-20 02:39:02
46,Daniel Gohel,daniel.gohel46@moviemine.edu,45,Female,2026-02-21 02:39:02
47,Rohan Hernandez,rohan.hernandez47@moviemine.edu,21,Non-Binary,2025-10-26 02:39:02
48,Daniel Shah,daniel.shah48@moviemine.edu,43,Non-Binary,2026-04-05 02:39:02
49,Daniel Brown,daniel.brown49@moviemine.edu,30,Male,2025-12-25 02:39:02
50,Sophia Smith,sophia.smith50@moviemine.edu,45,Male,2026-05-06 02:39:02
51,Tara Brown,tara.brown51@moviemine.edu,22,Female,2025-12-18 02:39:02
52,Daniel Shah,daniel.shah52@moviemine.edu,52,Male,2026-08-09 02:39:02
53,Jack Johnson,jack.johnson53@moviemine.edu,44,Female,2026-01-22 02:39:02
54,Hannah Rodriguez,hannah.rodriguez54@moviemine.edu,21,Male,2026-03-15 02:39:02
55,Aarav Rodriguez,aarav.rodriguez55@moviemine.edu,34,Female,2026-05-02 02:39:02
56,Samantha Jackson,samantha.jackson56@moviemine.edu,53,Non-Binary,2026-01-19 02:39:02
57,Ethan Williams,ethan.williams57@moviemine.edu,36,Male,2026-08-27 02:39:02
58,Amara Miller,amara.miller58@moviemine.edu,21,Male,2025-11-30 02:39:02
59,Vikram Gonzalez,vikram.gonzalez59@moviemine.edu,51,Male,2026-08-27 02:39:02
60,Chloe Johnson,chloe.johnson60@moviemine.edu,22,Non-Binary,2026-08-22 02:39:02
61,Jack Rodriguez,jack.rodriguez61@moviemine.edu,25,Non-Binary,2026-05-22 02:39:02
62,Alexander Thomas,alexander.thomas62@moviemine.edu,23,Female,2025-10-24 02:39:02
63,Maya Jones,maya.jones63@moviemine.edu,31,Non-Binary,2026-04-18 02:39:02
64,Jack Jones,jack.jones64@moviemine.edu,43,Male,2025-10-17 02:39:02
65,Lucas Hernandez,lucas.hernandez65@moviemine.edu,38,Male,2026-09-21 02:39:02
66,Tara Thomas,tara.thomas66@moviemine.edu,54,Male,2026-08-19 02:39:02
67,Hannah Gonzalez,hannah.gonzalez67@moviemine.edu,34,Male,2026-03-31 02:39:02
68,Arjun Brown,arjun.brown68@moviemine.edu,41,Female,2026-07-07 02:39:02
69,Sophia Wilson,sophia.wilson69@moviemine.edu,37,Non-Binary,2025-10-26 02:39:02
70,Aarav Moore,aarav.moore70@moviemine.edu,53,Female,2025-10-21 02:39:02
71,Daniel Smith,daniel.smith71@moviemine.edu,34,Male,2026-08-02 02:39:02
72,Ethan Jones,ethan.jones72@moviemine.edu,36,Non-Binary,2026-06-10 02:39:02
73,Meera Williams,meera.williams73@moviemine.edu,34,Non-Binary,2026-01-18 02:39:02
74,Jessica Shah,jessica.shah74@moviemine.edu,23,Non-Binary,2026-02-21 02:39:02
75,Kavya Shah,kavya.shah75@moviemine.edu,18,Female,2026-07-21 02:39:02
76,Jessica Johnson,jessica.johnson76@moviemine.edu,46,Non-Binary,2026-02-19 02:39:02
77,Aarav Gohel,aarav.gohel77@moviemine.edu,22,Non-Binary,2026-07-11 02:39:02
78,Alexander Davis,alexander.davis78@moviemine.edu,55,Non-Binary,2026-07-12 02:39:02
79,Samantha Smith,samantha.smith79@moviemine.edu,20,Female,2026-03-23 02:39:02
80,Alexander Davis,alexander.davis80@moviemine.edu,31,Non-Binary,2026-05-21 02:39:02
81,Daniel Davis,daniel.davis81@moviemine.edu,53,Female,2025-11-12 02:39:02
82,Ethan Brown,ethan.brown82@moviemine.edu,28,Male,2026-02-26 02:39:02
83,Aditi Johnson,aditi.johnson83@moviemine.edu,39,Female,2025-10-18 02:39:02
84,Jack Jones,jack.jones84@moviemine.edu,28,Non-Binary,2026-08-01 02:39:02
85,Priya Shah,priya.shah85@moviemine.edu,48,Male,2026-06-15 02:39:02
86,Tara Davis,tara.davis86@moviemine.edu,37,Male,2026-06-03 02:39:02
87,Aditi Moore,aditi.moore87@moviemine.edu,30,Female,2026-04-10 02:39:02
88,Kavya Sharma,kavya.sharma88@moviemine.edu,35,Female,2025-11-01 02:39:02
89,Rahul Moore,rahul.moore89@moviemine.edu,52,Female,2026-09-11 02:39:02
90,Diya Jones,diya.jones90@moviemine.edu,29,Non-Binary,2026-05-13 02:39:02
91,Alexander Gohel,alexander.gohel91@moviemine.edu,45,Female,2026-04-18 02:39:02
92,Samantha Thomas,samantha.thomas92@moviemine.edu,50,Male,2026-03-12 02:39:02
93,Grace Jones,grace.jones93@moviemine.edu,20,Non-Binary,2026-02-14 02:39:02
94,Aarav Gonzalez,aarav.gonzalez94@moviemine.edu,52,Non-Binary,2025-10-17 02:39:02
95,Grace Davis,grace.davis95@moviemine.edu,45,Male,2025-10-20 02:39:02
96,Meera Thomas,meera.thomas96@moviemine.edu,38,Non-Binary,2026-07-24 02:39:02
97,Lucas Gonzalez,lucas.gonzalez97@moviemine.edu,37,Non-Binary,2026-02-28 02:39:02
98,Maya Rodriguez,maya.rodriguez98@moviemine.edu,36,Non-Binary,2026-07-22 02:39:02
99,Grace Martinez,grace.martinez99@moviemine.edu,42,Non-Binary,2026-06-28 02:39:02
100,Lucas Rodriguez,lucas.rodriguez100@moviemine.edu,53,Male,2026-04-23 02:39:02
101,Leo Williams,leo.williams101@moviemine.edu,45,Non-Binary,2025-11-19 02:39:02
102,Maya Hernandez,maya.hernandez102@moviemine.edu,46,Female,2025-10-15 02:39:02
103,Hannah Gonzalez,hannah.gonzalez103@moviemine.edu,48,Non-Binary,2026-07-01 02:39:02
104,Chloe Garcia,chloe.garcia104@moviemine.edu,50,Non-Binary,2025-11-05 02:39:02
105,Meera Sharma,meera.sharma105@moviemine.edu,33,Non-Binary,2026-04-20 02:39:02
106,Ishaan Williams,ishaan.williams106@moviemine.edu,27,Male,2026-09-02 02:39:02
107,Jack Lopez,jack.lopez107@moviemine.edu,22,Female,2026-02-25 02:39:02
108,Grace Jackson,grace.jackson108@moviemine.edu,42,Female,2026-03-05 02:39:02
109,Jack Smith,jack.smith109@moviemine.edu,18,Male,2026-02-20 02:39:02
110,Ishaan Johnson,ishaan.johnson110@moviemine.edu,51,Female,2026-08-31 02:39:02
111,Jack Gohel,jack.gohel111@moviemine.edu,47,Male,2026-01-31 02:39:02
112,Maya Hernandez,maya.hernandez112@moviemine.edu,50,Female,2025-12-19 02:39:02
113,Sophia Johnson,sophia.johnson113@moviemine.edu,48,Female,2026-05-16 02:39:02
114,Jack Taylor,jack.taylor114@moviemine.edu,35,Non-Binary,2026-01-20 02:39:02
115,Jack Jones,jack.jones115@moviemine.edu,46,Male,2026-05-02 02:39:02
116,Jack Jones,jack.jones116@moviemine.edu,39,Female,2025-12-23 02:39:02
117,Chloe Smith,chloe.smith117@moviemine.edu,27,Male,2026-03-13 02:39:02
118,Ethan Jackson,ethan.jackson118@moviemine.edu,31,Male,2026-02-25 02:39:02
119,Rohan Miller,rohan.miller119@moviemine.edu,52,Female,2026-02-25 02:39:02
120,Amara Williams,amara.williams120@moviemine.edu,44,Female,2025-11-30 02:39:02
